[0m12:50:58.672254 [debug] [MainThread]: Sending event: {'category': 'dbt', 'action': 'invocation', 'label': 'start', 'context': [<snowplow_tracker.self_describing_json.SelfDescribingJson object at 0x7fb632b53890>, <snowplow_tracker.self_describing_json.SelfDescribingJson object at 0x7fb630aa6a80>, <snowplow_tracker.self_describing_json.SelfDescribingJson object at 0x7fb630a0cfe0>]}


============================== 12:50:58.675441 | 969d4eae-b7d8-47f1-8953-bfe2edeb9ee6 ==============================
[0m12:50:58.675441 [info ] [MainThread]: Running with dbt=1.11.9
[0m12:50:58.676100 [debug] [MainThread]: running dbt with arguments {'no_print': 'None', 'version_check': 'True', 'invocation_command': 'dbt debug', 'warn_error_options': 'WarnErrorOptionsV2(error=[], warn=[], silence=[])', 'introspect': 'True', 'debug': 'False', 'log_format': 'default', 'use_experimental_parser': 'False', 'quiet': 'False', 'cache_selected_only': 'False', 'write_json': 'True', 'printer_width': '80', 'static_parser': 'True', 'warn_error': 'None', 'send_anonymous_usage_stats': 'True', 'partial_parse': 'True', 'log_path': '/home/matheus/Documents/Projeto NOVADRIVE /projeto nova drive/dbt_transformations/logs', 'indirect_selection': 'eager', 'target_path': 'None', 'use_colors': 'True', 'profiles_dir': '/home/matheus/.dbt', 'empty': 'None', 'fail_fast': 'False', 'log_cache_events': 'False'}
[0m12:50:58.685031 [info ] [MainThread]: dbt version: 1.11.9
[0m12:50:58.685483 [info ] [MainThread]: python version: 3.12.3
[0m12:50:58.685850 [info ] [MainThread]: python path: /home/matheus/Documents/Projeto NOVADRIVE /projeto nova drive/venv/bin/python3
[0m12:50:58.686185 [info ] [MainThread]: os info: Linux-6.17.0-22-generic-x86_64-with-glibc2.39
[0m12:50:58.864608 [debug] [MainThread]: Snowflake adapter: Setting snowflake.connector to ERROR (file logging only)
[0m12:50:58.865105 [debug] [MainThread]: Snowflake adapter: Setting botocore to ERROR (file logging only)
[0m12:50:58.865480 [debug] [MainThread]: Snowflake adapter: Setting boto3 to ERROR (file logging only)
[0m12:50:58.967753 [info ] [MainThread]: Using profiles dir at /home/matheus/.dbt
[0m12:50:58.968197 [info ] [MainThread]: Using profiles.yml file at /home/matheus/.dbt/profiles.yml
[0m12:50:58.968567 [info ] [MainThread]: Using dbt_project.yml file at /home/matheus/Documents/Projeto NOVADRIVE /projeto nova drive/dbt_transformations/dbt_project.yml
[0m12:50:58.969768 [info ] [MainThread]: adapter type: snowflake
[0m12:50:58.970139 [info ] [MainThread]: adapter version: 1.11.4
[0m12:50:59.058303 [info ] [MainThread]: Configuration:
[0m12:50:59.058788 [info ] [MainThread]:   profiles.yml file [[32mOK found and valid[0m]
[0m12:50:59.059091 [info ] [MainThread]:   dbt_project.yml file [[32mOK found and valid[0m]
[0m12:50:59.059378 [info ] [MainThread]: Required dependencies:
[0m12:50:59.059762 [debug] [MainThread]: Executing "git --help"
[0m12:50:59.061748 [debug] [MainThread]: STDOUT: "b"usage: git [-v | --version] [-h | --help] [-C <path>] [-c <name>=<value>]\n           [--exec-path[=<path>]] [--html-path] [--man-path] [--info-path]\n           [-p | --paginate | -P | --no-pager] [--no-replace-objects] [--bare]\n           [--git-dir=<path>] [--work-tree=<path>] [--namespace=<name>]\n           [--config-env=<name>=<envvar>] <command> [<args>]\n\nThese are common Git commands used in various situations:\n\nstart a working area (see also: git help tutorial)\n   clone     Clone a repository into a new directory\n   init      Create an empty Git repository or reinitialize an existing one\n\nwork on the current change (see also: git help everyday)\n   add       Add file contents to the index\n   mv        Move or rename a file, a directory, or a symlink\n   restore   Restore working tree files\n   rm        Remove files from the working tree and from the index\n\nexamine the history and state (see also: git help revisions)\n   bisect    Use binary search to find the commit that introduced a bug\n   diff      Show changes between commits, commit and working tree, etc\n   grep      Print lines matching a pattern\n   log       Show commit logs\n   show      Show various types of objects\n   status    Show the working tree status\n\ngrow, mark and tweak your common history\n   branch    List, create, or delete branches\n   commit    Record changes to the repository\n   merge     Join two or more development histories together\n   rebase    Reapply commits on top of another base tip\n   reset     Reset current HEAD to the specified state\n   switch    Switch branches\n   tag       Create, list, delete or verify a tag object signed with GPG\n\ncollaborate (see also: git help workflows)\n   fetch     Download objects and refs from another repository\n   pull      Fetch from and integrate with another repository or a local branch\n   push      Update remote refs along with associated objects\n\n'git help -a' and 'git help -g' list available subcommands and some\nconcept guides. See 'git help <command>' or 'git help <concept>'\nto read about a specific subcommand or concept.\nSee 'git help git' for an overview of the system.\n""
[0m12:50:59.062172 [debug] [MainThread]: STDERR: "b''"
[0m12:50:59.062467 [info ] [MainThread]:  - git [[32mOK found[0m]

[0m12:50:59.062776 [info ] [MainThread]: Connection:
[0m12:50:59.063081 [info ] [MainThread]:   account: 1
[0m12:50:59.063363 [info ] [MainThread]:   user: THEOZEERA
[0m12:50:59.063640 [info ] [MainThread]:   database: NOVADRIVE
[0m12:50:59.063977 [info ] [MainThread]:   warehouse: DEFAULT_WAREHOUSE
[0m12:50:59.064269 [info ] [MainThread]:   role: dev
[0m12:50:59.064543 [info ] [MainThread]:   schema: stage
[0m12:50:59.064824 [info ] [MainThread]:   authenticator: None
[0m12:50:59.065093 [info ] [MainThread]:   oauth_client_id: None
[0m12:50:59.065361 [info ] [MainThread]:   query_tag: None
[0m12:50:59.065635 [info ] [MainThread]:   client_session_keep_alive: False
[0m12:50:59.065917 [info ] [MainThread]:   host: None
[0m12:50:59.066185 [info ] [MainThread]:   port: None
[0m12:50:59.066452 [info ] [MainThread]:   proxy_host: None
[0m12:50:59.066727 [info ] [MainThread]:   proxy_port: None
[0m12:50:59.066991 [info ] [MainThread]:   protocol: None
[0m12:50:59.067255 [info ] [MainThread]:   connect_retries: 1
[0m12:50:59.067518 [info ] [MainThread]:   connect_timeout: None
[0m12:50:59.067790 [info ] [MainThread]:   retry_on_database_errors: False
[0m12:50:59.068059 [info ] [MainThread]:   retry_all: False
[0m12:50:59.068322 [info ] [MainThread]:   insecure_mode: False
[0m12:50:59.068585 [info ] [MainThread]:   reuse_connections: True
[0m12:50:59.068857 [info ] [MainThread]:   s3_stage_vpce_dns_name: None
[0m12:50:59.069122 [info ] [MainThread]:   platform_detection_timeout_seconds: 0.0
[0m12:50:59.069513 [info ] [MainThread]: Registered adapter: snowflake=1.11.4
[0m12:50:59.192675 [debug] [MainThread]: Acquiring new snowflake connection 'debug'
[0m12:50:59.217956 [debug] [MainThread]: Using snowflake connection "debug"
[0m12:50:59.218352 [debug] [MainThread]: On debug: select 1 as id
[0m12:50:59.218656 [debug] [MainThread]: Opening a new connection, currently in state init
[0m12:51:00.222157 [debug] [MainThread]: Snowflake adapter: Error running SQL: select 1 as id
[0m12:51:00.222612 [debug] [MainThread]: Snowflake adapter: Rolling back transaction.
[0m12:51:00.224113 [info ] [MainThread]:   Connection test: [[31mERROR[0m]

[0m12:51:00.224452 [info ] [MainThread]: [31m1 check failed:[0m
[0m12:51:00.224760 [info ] [MainThread]: dbt was unable to connect to the specified database.
The database returned the following error:

  >Database Error
  290404 (08001): 404 Not Found: post 1.snowflakecomputing.com:443/session/v1/login-request

Check your database credentials and try again. For more information, visit:
https://docs.getdbt.com/docs/configure-your-profile


[0m12:51:00.225526 [debug] [MainThread]: Resource report: {"command_name": "debug", "command_success": false, "command_wall_clock_time": 1.6040437, "process_in_blocks": "8256", "process_kernel_time": 0.300064, "process_mem_max_rss": "145864", "process_out_blocks": "2424", "process_user_time": 1.768378}
[0m12:51:00.225956 [debug] [MainThread]: Command `dbt debug` failed at 12:51:00.225878 after 1.60 seconds
[0m12:51:00.226263 [debug] [MainThread]: Connection 'debug' was left open.
[0m12:51:00.226549 [debug] [MainThread]: On debug: No close available on handle
[0m12:51:00.226857 [debug] [MainThread]: Sending event: {'category': 'dbt', 'action': 'invocation', 'label': 'end', 'context': [<snowplow_tracker.self_describing_json.SelfDescribingJson object at 0x7fb630721f70>, <snowplow_tracker.self_describing_json.SelfDescribingJson object at 0x7fb62e9ab350>, <snowplow_tracker.self_describing_json.SelfDescribingJson object at 0x7fb62ffc0a70>]}
[0m12:51:00.227206 [debug] [MainThread]: Flushing usage events
[0m12:51:00.742596 [debug] [MainThread]: An error was encountered while trying to flush usage events
[0m12:53:04.425477 [debug] [MainThread]: Sending event: {'category': 'dbt', 'action': 'invocation', 'label': 'start', 'context': [<snowplow_tracker.self_describing_json.SelfDescribingJson object at 0x75863737a540>, <snowplow_tracker.self_describing_json.SelfDescribingJson object at 0x758638b606e0>, <snowplow_tracker.self_describing_json.SelfDescribingJson object at 0x758636cc2480>]}


============================== 12:53:04.428078 | a1bba026-3d92-461a-b3fa-27c6ff43f4c3 ==============================
[0m12:53:04.428078 [info ] [MainThread]: Running with dbt=1.11.9
[0m12:53:04.428575 [debug] [MainThread]: running dbt with arguments {'empty': 'None', 'fail_fast': 'False', 'indirect_selection': 'eager', 'send_anonymous_usage_stats': 'True', 'version_check': 'True', 'introspect': 'True', 'debug': 'False', 'write_json': 'True', 'partial_parse': 'True', 'invocation_command': 'dbt debug', 'static_parser': 'True', 'warn_error': 'None', 'log_format': 'default', 'log_cache_events': 'False', 'use_colors': 'True', 'profiles_dir': '/home/matheus/.dbt', 'use_experimental_parser': 'False', 'target_path': 'None', 'printer_width': '80', 'log_path': '/home/matheus/Documents/Projeto NOVADRIVE /projeto nova drive/dbt_transformations/logs', 'warn_error_options': 'WarnErrorOptionsV2(error=[], warn=[], silence=[])', 'quiet': 'False', 'cache_selected_only': 'False', 'no_print': 'None'}
[0m12:53:04.435809 [info ] [MainThread]: dbt version: 1.11.9
[0m12:53:04.436207 [info ] [MainThread]: python version: 3.12.3
[0m12:53:04.436524 [info ] [MainThread]: python path: /home/matheus/Documents/Projeto NOVADRIVE /projeto nova drive/venv/bin/python3
[0m12:53:04.436834 [info ] [MainThread]: os info: Linux-6.17.0-22-generic-x86_64-with-glibc2.39
[0m12:53:04.614425 [debug] [MainThread]: Snowflake adapter: Setting snowflake.connector to ERROR (file logging only)
[0m12:53:04.615247 [debug] [MainThread]: Snowflake adapter: Setting botocore to ERROR (file logging only)
[0m12:53:04.615930 [debug] [MainThread]: Snowflake adapter: Setting boto3 to ERROR (file logging only)
[0m12:53:04.730368 [info ] [MainThread]: Using profiles dir at /home/matheus/.dbt
[0m12:53:04.730833 [info ] [MainThread]: Using profiles.yml file at /home/matheus/.dbt/profiles.yml
[0m12:53:04.731185 [info ] [MainThread]: Using dbt_project.yml file at /home/matheus/Documents/Projeto NOVADRIVE /projeto nova drive/dbt_transformations/dbt_project.yml
[0m12:53:04.731710 [info ] [MainThread]: adapter type: snowflake
[0m12:53:04.732024 [info ] [MainThread]: adapter version: 1.11.4
[0m12:53:04.825861 [info ] [MainThread]: Configuration:
[0m12:53:04.826324 [info ] [MainThread]:   profiles.yml file [[32mOK found and valid[0m]
[0m12:53:04.826738 [info ] [MainThread]:   dbt_project.yml file [[32mOK found and valid[0m]
[0m12:53:04.827046 [info ] [MainThread]: Required dependencies:
[0m12:53:04.827362 [debug] [MainThread]: Executing "git --help"
[0m12:53:04.829341 [debug] [MainThread]: STDOUT: "b"usage: git [-v | --version] [-h | --help] [-C <path>] [-c <name>=<value>]\n           [--exec-path[=<path>]] [--html-path] [--man-path] [--info-path]\n           [-p | --paginate | -P | --no-pager] [--no-replace-objects] [--bare]\n           [--git-dir=<path>] [--work-tree=<path>] [--namespace=<name>]\n           [--config-env=<name>=<envvar>] <command> [<args>]\n\nThese are common Git commands used in various situations:\n\nstart a working area (see also: git help tutorial)\n   clone     Clone a repository into a new directory\n   init      Create an empty Git repository or reinitialize an existing one\n\nwork on the current change (see also: git help everyday)\n   add       Add file contents to the index\n   mv        Move or rename a file, a directory, or a symlink\n   restore   Restore working tree files\n   rm        Remove files from the working tree and from the index\n\nexamine the history and state (see also: git help revisions)\n   bisect    Use binary search to find the commit that introduced a bug\n   diff      Show changes between commits, commit and working tree, etc\n   grep      Print lines matching a pattern\n   log       Show commit logs\n   show      Show various types of objects\n   status    Show the working tree status\n\ngrow, mark and tweak your common history\n   branch    List, create, or delete branches\n   commit    Record changes to the repository\n   merge     Join two or more development histories together\n   rebase    Reapply commits on top of another base tip\n   reset     Reset current HEAD to the specified state\n   switch    Switch branches\n   tag       Create, list, delete or verify a tag object signed with GPG\n\ncollaborate (see also: git help workflows)\n   fetch     Download objects and refs from another repository\n   pull      Fetch from and integrate with another repository or a local branch\n   push      Update remote refs along with associated objects\n\n'git help -a' and 'git help -g' list available subcommands and some\nconcept guides. See 'git help <command>' or 'git help <concept>'\nto read about a specific subcommand or concept.\nSee 'git help git' for an overview of the system.\n""
[0m12:53:04.829714 [debug] [MainThread]: STDERR: "b''"
[0m12:53:04.830009 [info ] [MainThread]:  - git [[32mOK found[0m]

[0m12:53:04.830307 [info ] [MainThread]: Connection:
[0m12:53:04.830615 [info ] [MainThread]:   account: itzyark-bs25888
[0m12:53:04.830919 [info ] [MainThread]:   user: THEOZEERA
[0m12:53:04.831200 [info ] [MainThread]:   database: NOVADRIVE
[0m12:53:04.831517 [info ] [MainThread]:   warehouse: DEFAULT_WAREHOUSE
[0m12:53:04.831835 [info ] [MainThread]:   role: dev
[0m12:53:04.832121 [info ] [MainThread]:   schema: stage
[0m12:53:04.832402 [info ] [MainThread]:   authenticator: None
[0m12:53:04.832705 [info ] [MainThread]:   oauth_client_id: None
[0m12:53:04.832984 [info ] [MainThread]:   query_tag: None
[0m12:53:04.833259 [info ] [MainThread]:   client_session_keep_alive: False
[0m12:53:04.833536 [info ] [MainThread]:   host: None
[0m12:53:04.833829 [info ] [MainThread]:   port: None
[0m12:53:04.834101 [info ] [MainThread]:   proxy_host: None
[0m12:53:04.834371 [info ] [MainThread]:   proxy_port: None
[0m12:53:04.834639 [info ] [MainThread]:   protocol: None
[0m12:53:04.834919 [info ] [MainThread]:   connect_retries: 1
[0m12:53:04.835186 [info ] [MainThread]:   connect_timeout: None
[0m12:53:04.835453 [info ] [MainThread]:   retry_on_database_errors: False
[0m12:53:04.835737 [info ] [MainThread]:   retry_all: False
[0m12:53:04.836013 [info ] [MainThread]:   insecure_mode: False
[0m12:53:04.836285 [info ] [MainThread]:   reuse_connections: True
[0m12:53:04.836554 [info ] [MainThread]:   s3_stage_vpce_dns_name: None
[0m12:53:04.836839 [info ] [MainThread]:   platform_detection_timeout_seconds: 0.0
[0m12:53:04.837244 [info ] [MainThread]: Registered adapter: snowflake=1.11.4
[0m12:53:04.978085 [debug] [MainThread]: Acquiring new snowflake connection 'debug'
[0m12:53:05.000197 [debug] [MainThread]: Using snowflake connection "debug"
[0m12:53:05.000642 [debug] [MainThread]: On debug: select 1 as id
[0m12:53:05.000981 [debug] [MainThread]: Opening a new connection, currently in state init
[0m12:53:06.311475 [debug] [MainThread]: Snowflake adapter: Error running SQL: select 1 as id
[0m12:53:06.312103 [debug] [MainThread]: Snowflake adapter: Rolling back transaction.
[0m12:53:06.312673 [info ] [MainThread]:   Connection test: [[31mERROR[0m]

[0m12:53:06.313222 [info ] [MainThread]: [31m1 check failed:[0m
[0m12:53:06.313703 [info ] [MainThread]: dbt was unable to connect to the specified database.
The database returned the following error:

  >Database Error
  250001 (08001): Failed to connect to DB: itzyark-bs25888.snowflakecomputing.com:443. Role 'DEV' specified in the connect string does not exist or not authorized. Contact your local system administrator, or attempt to login with another role, e.g. PUBLIC.

Check your database credentials and try again. For more information, visit:
https://docs.getdbt.com/docs/configure-your-profile


[0m12:53:06.314702 [debug] [MainThread]: Resource report: {"command_name": "debug", "command_success": false, "command_wall_clock_time": 1.940296, "process_in_blocks": "0", "process_kernel_time": 0.292368, "process_mem_max_rss": "145380", "process_out_blocks": "2456", "process_user_time": 1.628482}
[0m12:53:06.315147 [debug] [MainThread]: Command `dbt debug` failed at 12:53:06.315065 after 1.94 seconds
[0m12:53:06.315479 [debug] [MainThread]: Connection 'debug' was left open.
[0m12:53:06.315791 [debug] [MainThread]: On debug: No close available on handle
[0m12:53:06.316117 [debug] [MainThread]: Sending event: {'category': 'dbt', 'action': 'invocation', 'label': 'end', 'context': [<snowplow_tracker.self_describing_json.SelfDescribingJson object at 0x75863737a540>, <snowplow_tracker.self_describing_json.SelfDescribingJson object at 0x7586373b9790>, <snowplow_tracker.self_describing_json.SelfDescribingJson object at 0x758636c231d0>]}
[0m12:53:06.316490 [debug] [MainThread]: Flushing usage events
[0m12:53:06.841017 [debug] [MainThread]: An error was encountered while trying to flush usage events
[0m12:55:11.439446 [debug] [MainThread]: Sending event: {'category': 'dbt', 'action': 'invocation', 'label': 'start', 'context': [<snowplow_tracker.self_describing_json.SelfDescribingJson object at 0x7d2668b4f680>, <snowplow_tracker.self_describing_json.SelfDescribingJson object at 0x7d2666c023c0>, <snowplow_tracker.self_describing_json.SelfDescribingJson object at 0x7d2666789670>]}


============================== 12:55:11.441902 | 4c6ba7d4-9afe-49a7-800b-1ea39aadf961 ==============================
[0m12:55:11.441902 [info ] [MainThread]: Running with dbt=1.11.9
[0m12:55:11.442456 [debug] [MainThread]: running dbt with arguments {'quiet': 'False', 'fail_fast': 'False', 'write_json': 'True', 'debug': 'False', 'use_colors': 'True', 'profiles_dir': '/home/matheus/.dbt', 'version_check': 'True', 'empty': 'None', 'cache_selected_only': 'False', 'invocation_command': 'dbt debug', 'log_path': '/home/matheus/Documents/Projeto NOVADRIVE /projeto nova drive/dbt_transformations/logs', 'printer_width': '80', 'use_experimental_parser': 'False', 'indirect_selection': 'eager', 'introspect': 'True', 'no_print': 'None', 'log_format': 'default', 'send_anonymous_usage_stats': 'True', 'warn_error': 'None', 'partial_parse': 'True', 'target_path': 'None', 'log_cache_events': 'False', 'static_parser': 'True', 'warn_error_options': 'WarnErrorOptionsV2(error=[], warn=[], silence=[])'}
[0m12:55:11.449859 [info ] [MainThread]: dbt version: 1.11.9
[0m12:55:11.450316 [info ] [MainThread]: python version: 3.12.3
[0m12:55:11.450644 [info ] [MainThread]: python path: /home/matheus/Documents/Projeto NOVADRIVE /projeto nova drive/venv/bin/python3
[0m12:55:11.450961 [info ] [MainThread]: os info: Linux-6.17.0-22-generic-x86_64-with-glibc2.39
[0m12:55:11.628777 [debug] [MainThread]: Snowflake adapter: Setting snowflake.connector to ERROR (file logging only)
[0m12:55:11.629248 [debug] [MainThread]: Snowflake adapter: Setting botocore to ERROR (file logging only)
[0m12:55:11.629590 [debug] [MainThread]: Snowflake adapter: Setting boto3 to ERROR (file logging only)
[0m12:55:11.733997 [info ] [MainThread]: Using profiles dir at /home/matheus/.dbt
[0m12:55:11.734437 [info ] [MainThread]: Using profiles.yml file at /home/matheus/.dbt/profiles.yml
[0m12:55:11.734832 [info ] [MainThread]: Using dbt_project.yml file at /home/matheus/Documents/Projeto NOVADRIVE /projeto nova drive/dbt_transformations/dbt_project.yml
[0m12:55:11.735312 [info ] [MainThread]: adapter type: snowflake
[0m12:55:11.735624 [info ] [MainThread]: adapter version: 1.11.4
[0m12:55:11.824568 [info ] [MainThread]: Configuration:
[0m12:55:11.825043 [info ] [MainThread]:   profiles.yml file [[32mOK found and valid[0m]
[0m12:55:11.825419 [info ] [MainThread]:   dbt_project.yml file [[32mOK found and valid[0m]
[0m12:55:11.825735 [info ] [MainThread]: Required dependencies:
[0m12:55:11.826065 [debug] [MainThread]: Executing "git --help"
[0m12:55:11.827965 [debug] [MainThread]: STDOUT: "b"usage: git [-v | --version] [-h | --help] [-C <path>] [-c <name>=<value>]\n           [--exec-path[=<path>]] [--html-path] [--man-path] [--info-path]\n           [-p | --paginate | -P | --no-pager] [--no-replace-objects] [--bare]\n           [--git-dir=<path>] [--work-tree=<path>] [--namespace=<name>]\n           [--config-env=<name>=<envvar>] <command> [<args>]\n\nThese are common Git commands used in various situations:\n\nstart a working area (see also: git help tutorial)\n   clone     Clone a repository into a new directory\n   init      Create an empty Git repository or reinitialize an existing one\n\nwork on the current change (see also: git help everyday)\n   add       Add file contents to the index\n   mv        Move or rename a file, a directory, or a symlink\n   restore   Restore working tree files\n   rm        Remove files from the working tree and from the index\n\nexamine the history and state (see also: git help revisions)\n   bisect    Use binary search to find the commit that introduced a bug\n   diff      Show changes between commits, commit and working tree, etc\n   grep      Print lines matching a pattern\n   log       Show commit logs\n   show      Show various types of objects\n   status    Show the working tree status\n\ngrow, mark and tweak your common history\n   branch    List, create, or delete branches\n   commit    Record changes to the repository\n   merge     Join two or more development histories together\n   rebase    Reapply commits on top of another base tip\n   reset     Reset current HEAD to the specified state\n   switch    Switch branches\n   tag       Create, list, delete or verify a tag object signed with GPG\n\ncollaborate (see also: git help workflows)\n   fetch     Download objects and refs from another repository\n   pull      Fetch from and integrate with another repository or a local branch\n   push      Update remote refs along with associated objects\n\n'git help -a' and 'git help -g' list available subcommands and some\nconcept guides. See 'git help <command>' or 'git help <concept>'\nto read about a specific subcommand or concept.\nSee 'git help git' for an overview of the system.\n""
[0m12:55:11.828307 [debug] [MainThread]: STDERR: "b''"
[0m12:55:11.828603 [info ] [MainThread]:  - git [[32mOK found[0m]

[0m12:55:11.828919 [info ] [MainThread]: Connection:
[0m12:55:11.829221 [info ] [MainThread]:   account: itzyark-bs25888
[0m12:55:11.829511 [info ] [MainThread]:   user: THEOZEERA
[0m12:55:11.829806 [info ] [MainThread]:   database: NOVADRIVE
[0m12:55:11.830100 [info ] [MainThread]:   warehouse: DEFAULT_WAREHOUSE
[0m12:55:11.830395 [info ] [MainThread]:   role: ACCOUNTADMIN
[0m12:55:11.830710 [info ] [MainThread]:   schema: stage
[0m12:55:11.831013 [info ] [MainThread]:   authenticator: None
[0m12:55:11.831306 [info ] [MainThread]:   oauth_client_id: None
[0m12:55:11.831594 [info ] [MainThread]:   query_tag: None
[0m12:55:11.831879 [info ] [MainThread]:   client_session_keep_alive: False
[0m12:55:11.832158 [info ] [MainThread]:   host: None
[0m12:55:11.832433 [info ] [MainThread]:   port: None
[0m12:55:11.832713 [info ] [MainThread]:   proxy_host: None
[0m12:55:11.832993 [info ] [MainThread]:   proxy_port: None
[0m12:55:11.833266 [info ] [MainThread]:   protocol: None
[0m12:55:11.833540 [info ] [MainThread]:   connect_retries: 1
[0m12:55:11.833831 [info ] [MainThread]:   connect_timeout: None
[0m12:55:11.834103 [info ] [MainThread]:   retry_on_database_errors: False
[0m12:55:11.834376 [info ] [MainThread]:   retry_all: False
[0m12:55:11.834648 [info ] [MainThread]:   insecure_mode: False
[0m12:55:11.834927 [info ] [MainThread]:   reuse_connections: True
[0m12:55:11.835202 [info ] [MainThread]:   s3_stage_vpce_dns_name: None
[0m12:55:11.835477 [info ] [MainThread]:   platform_detection_timeout_seconds: 0.0
[0m12:55:11.835953 [info ] [MainThread]: Registered adapter: snowflake=1.11.4
[0m12:55:11.962739 [debug] [MainThread]: Acquiring new snowflake connection 'debug'
[0m12:55:11.985258 [debug] [MainThread]: Using snowflake connection "debug"
[0m12:55:11.985655 [debug] [MainThread]: On debug: select 1 as id
[0m12:55:11.985988 [debug] [MainThread]: Opening a new connection, currently in state init
[0m12:55:13.473524 [debug] [MainThread]: SQL status: SUCCESS 1 in 1.487 seconds
[0m12:55:13.474377 [info ] [MainThread]:   Connection test: [[32mOK connection ok[0m]

[0m12:55:13.474729 [info ] [MainThread]: [32mAll checks passed![0m
[0m12:55:13.475790 [debug] [MainThread]: Resource report: {"command_name": "debug", "command_success": true, "command_wall_clock_time": 2.0863857, "process_in_blocks": "0", "process_kernel_time": 0.253793, "process_mem_max_rss": "144044", "process_out_blocks": "40", "process_user_time": 1.675634}
[0m12:55:13.476212 [debug] [MainThread]: Command `dbt debug` succeeded at 12:55:13.476132 after 2.09 seconds
[0m12:55:13.476534 [debug] [MainThread]: Connection 'debug' was left open.
[0m12:55:13.476847 [debug] [MainThread]: On debug: Close
[0m12:55:13.667698 [debug] [MainThread]: Sending event: {'category': 'dbt', 'action': 'invocation', 'label': 'end', 'context': [<snowplow_tracker.self_describing_json.SelfDescribingJson object at 0x7d266a3b7cb0>, <snowplow_tracker.self_describing_json.SelfDescribingJson object at 0x7d26635825a0>, <snowplow_tracker.self_describing_json.SelfDescribingJson object at 0x7d266349e8d0>]}
[0m12:55:13.668172 [debug] [MainThread]: Flushing usage events
[0m12:55:14.195686 [debug] [MainThread]: An error was encountered while trying to flush usage events
[0m18:14:50.403221 [debug] [MainThread]: Sending event: {'category': 'dbt', 'action': 'invocation', 'label': 'start', 'context': [<snowplow_tracker.self_describing_json.SelfDescribingJson object at 0x74016bcd7860>, <snowplow_tracker.self_describing_json.SelfDescribingJson object at 0x74016913d400>, <snowplow_tracker.self_describing_json.SelfDescribingJson object at 0x740169e5b7d0>]}


============================== 18:14:50.407595 | 5add53ff-5b23-4896-b92e-ce472d6b8c81 ==============================
[0m18:14:50.407595 [info ] [MainThread]: Running with dbt=1.11.9
[0m18:14:50.408196 [debug] [MainThread]: running dbt with arguments {'debug': 'False', 'warn_error': 'None', 'log_cache_events': 'False', 'version_check': 'True', 'quiet': 'False', 'use_colors': 'True', 'use_experimental_parser': 'False', 'fail_fast': 'False', 'send_anonymous_usage_stats': 'True', 'invocation_command': 'dbt debug', 'introspect': 'True', 'target_path': 'None', 'cache_selected_only': 'False', 'static_parser': 'True', 'empty': 'None', 'log_format': 'default', 'no_print': 'None', 'write_json': 'True', 'indirect_selection': 'eager', 'warn_error_options': 'WarnErrorOptionsV2(error=[], warn=[], silence=[])', 'profiles_dir': '/home/matheus/.dbt', 'partial_parse': 'True', 'log_path': '/home/matheus/Documents/Projeto NOVADRIVE /projeto nova drive/dbt_transformations/logs', 'printer_width': '80'}
[0m18:14:50.430661 [info ] [MainThread]: dbt version: 1.11.9
[0m18:14:50.431330 [info ] [MainThread]: python version: 3.12.3
[0m18:14:50.431855 [info ] [MainThread]: python path: /home/matheus/Documents/Projeto NOVADRIVE /projeto nova drive/venv/bin/python3
[0m18:14:50.432325 [info ] [MainThread]: os info: Linux-6.17.0-22-generic-x86_64-with-glibc2.39
[0m18:14:50.789710 [debug] [MainThread]: Snowflake adapter: Setting snowflake.connector to ERROR (file logging only)
[0m18:14:50.790231 [debug] [MainThread]: Snowflake adapter: Setting botocore to ERROR (file logging only)
[0m18:14:50.790582 [debug] [MainThread]: Snowflake adapter: Setting boto3 to ERROR (file logging only)
[0m18:14:50.923917 [info ] [MainThread]: Using profiles dir at /home/matheus/.dbt
[0m18:14:50.924487 [info ] [MainThread]: Using profiles.yml file at /home/matheus/.dbt/profiles.yml
[0m18:14:50.924883 [info ] [MainThread]: Using dbt_project.yml file at /home/matheus/Documents/Projeto NOVADRIVE /projeto nova drive/dbt_transformations/dbt_project.yml
[0m18:14:50.925537 [info ] [MainThread]: adapter type: snowflake
[0m18:14:50.925868 [info ] [MainThread]: adapter version: 1.11.4
[0m18:14:51.028820 [info ] [MainThread]: Configuration:
[0m18:14:51.029476 [info ] [MainThread]:   profiles.yml file [[32mOK found and valid[0m]
[0m18:14:51.029821 [info ] [MainThread]:   dbt_project.yml file [[32mOK found and valid[0m]
[0m18:14:51.030140 [info ] [MainThread]: Required dependencies:
[0m18:14:51.030550 [debug] [MainThread]: Executing "git --help"
[0m18:14:51.033970 [debug] [MainThread]: STDOUT: "b"usage: git [-v | --version] [-h | --help] [-C <path>] [-c <name>=<value>]\n           [--exec-path[=<path>]] [--html-path] [--man-path] [--info-path]\n           [-p | --paginate | -P | --no-pager] [--no-replace-objects] [--bare]\n           [--git-dir=<path>] [--work-tree=<path>] [--namespace=<name>]\n           [--config-env=<name>=<envvar>] <command> [<args>]\n\nThese are common Git commands used in various situations:\n\nstart a working area (see also: git help tutorial)\n   clone     Clone a repository into a new directory\n   init      Create an empty Git repository or reinitialize an existing one\n\nwork on the current change (see also: git help everyday)\n   add       Add file contents to the index\n   mv        Move or rename a file, a directory, or a symlink\n   restore   Restore working tree files\n   rm        Remove files from the working tree and from the index\n\nexamine the history and state (see also: git help revisions)\n   bisect    Use binary search to find the commit that introduced a bug\n   diff      Show changes between commits, commit and working tree, etc\n   grep      Print lines matching a pattern\n   log       Show commit logs\n   show      Show various types of objects\n   status    Show the working tree status\n\ngrow, mark and tweak your common history\n   branch    List, create, or delete branches\n   commit    Record changes to the repository\n   merge     Join two or more development histories together\n   rebase    Reapply commits on top of another base tip\n   reset     Reset current HEAD to the specified state\n   switch    Switch branches\n   tag       Create, list, delete or verify a tag object signed with GPG\n\ncollaborate (see also: git help workflows)\n   fetch     Download objects and refs from another repository\n   pull      Fetch from and integrate with another repository or a local branch\n   push      Update remote refs along with associated objects\n\n'git help -a' and 'git help -g' list available subcommands and some\nconcept guides. See 'git help <command>' or 'git help <concept>'\nto read about a specific subcommand or concept.\nSee 'git help git' for an overview of the system.\n""
[0m18:14:51.034790 [debug] [MainThread]: STDERR: "b''"
[0m18:14:51.035256 [info ] [MainThread]:  - git [[32mOK found[0m]

[0m18:14:51.035751 [info ] [MainThread]: Connection:
[0m18:14:51.036227 [info ] [MainThread]:   account: itzyark-bs25888
[0m18:14:51.036669 [info ] [MainThread]:   user: THEOZEERA
[0m18:14:51.037098 [info ] [MainThread]:   database: NOVADRIVE
[0m18:14:51.037577 [info ] [MainThread]:   warehouse: DEFAULT_WAREHOUSE
[0m18:14:51.038015 [info ] [MainThread]:   role: ACCOUNTADMIN
[0m18:14:51.038452 [info ] [MainThread]:   schema: stage
[0m18:14:51.038879 [info ] [MainThread]:   authenticator: None
[0m18:14:51.039328 [info ] [MainThread]:   oauth_client_id: None
[0m18:14:51.039754 [info ] [MainThread]:   query_tag: None
[0m18:14:51.040179 [info ] [MainThread]:   client_session_keep_alive: False
[0m18:14:51.040626 [info ] [MainThread]:   host: None
[0m18:14:51.041058 [info ] [MainThread]:   port: None
[0m18:14:51.041497 [info ] [MainThread]:   proxy_host: None
[0m18:14:51.041923 [info ] [MainThread]:   proxy_port: None
[0m18:14:51.042368 [info ] [MainThread]:   protocol: None
[0m18:14:51.042842 [info ] [MainThread]:   connect_retries: 1
[0m18:14:51.043285 [info ] [MainThread]:   connect_timeout: None
[0m18:14:51.043737 [info ] [MainThread]:   retry_on_database_errors: False
[0m18:14:51.044178 [info ] [MainThread]:   retry_all: False
[0m18:14:51.044636 [info ] [MainThread]:   insecure_mode: False
[0m18:14:51.045082 [info ] [MainThread]:   reuse_connections: True
[0m18:14:51.045542 [info ] [MainThread]:   s3_stage_vpce_dns_name: None
[0m18:14:51.045984 [info ] [MainThread]:   platform_detection_timeout_seconds: 0.0
[0m18:14:51.046637 [info ] [MainThread]: Registered adapter: snowflake=1.11.4
[0m18:14:51.199751 [debug] [MainThread]: Acquiring new snowflake connection 'debug'
[0m18:14:51.232044 [debug] [MainThread]: Using snowflake connection "debug"
[0m18:14:51.232522 [debug] [MainThread]: On debug: select 1 as id
[0m18:14:51.232829 [debug] [MainThread]: Opening a new connection, currently in state init
[0m18:14:52.765084 [debug] [MainThread]: SQL status: SUCCESS 1 in 1.532 seconds
[0m18:14:52.766014 [info ] [MainThread]:   Connection test: [[32mOK connection ok[0m]

[0m18:14:52.766457 [info ] [MainThread]: [32mAll checks passed![0m
[0m18:14:52.768459 [debug] [MainThread]: Resource report: {"command_name": "debug", "command_success": true, "command_wall_clock_time": 2.422169, "process_in_blocks": "107352", "process_kernel_time": 0.368329, "process_mem_max_rss": "143240", "process_out_blocks": "40", "process_user_time": 1.917714}
[0m18:14:52.768923 [debug] [MainThread]: Command `dbt debug` succeeded at 18:14:52.768837 after 2.42 seconds
[0m18:14:52.769258 [debug] [MainThread]: Connection 'debug' was left open.
[0m18:14:52.769587 [debug] [MainThread]: On debug: Close
[0m18:14:52.960002 [debug] [MainThread]: Sending event: {'category': 'dbt', 'action': 'invocation', 'label': 'end', 'context': [<snowplow_tracker.self_describing_json.SelfDescribingJson object at 0x740169624fe0>, <snowplow_tracker.self_describing_json.SelfDescribingJson object at 0x74016bbe4ef0>, <snowplow_tracker.self_describing_json.SelfDescribingJson object at 0x7401674a6f30>]}
[0m18:14:52.960654 [debug] [MainThread]: Flushing usage events
[0m18:14:53.490045 [debug] [MainThread]: An error was encountered while trying to flush usage events
[0m18:24:18.469539 [debug] [MainThread]: Sending event: {'category': 'dbt', 'action': 'invocation', 'label': 'start', 'context': [<snowplow_tracker.self_describing_json.SelfDescribingJson object at 0x752d2c4997f0>, <snowplow_tracker.self_describing_json.SelfDescribingJson object at 0x752d2c66b9e0>, <snowplow_tracker.self_describing_json.SelfDescribingJson object at 0x752d2c499760>]}


============================== 18:24:18.472231 | 01b1b9d5-a2f1-4a0b-a412-3d4acc4c9962 ==============================
[0m18:24:18.472231 [info ] [MainThread]: Running with dbt=1.11.9
[0m18:24:18.472731 [debug] [MainThread]: running dbt with arguments {'log_format': 'default', 'no_print': 'None', 'write_json': 'True', 'send_anonymous_usage_stats': 'True', 'debug': 'False', 'introspect': 'True', 'partial_parse': 'True', 'use_colors': 'True', 'indirect_selection': 'eager', 'warn_error_options': 'WarnErrorOptionsV2(error=[], warn=[], silence=[])', 'warn_error': 'None', 'profiles_dir': '/home/matheus/.dbt', 'quiet': 'False', 'use_experimental_parser': 'False', 'version_check': 'True', 'invocation_command': 'dbt show -s analise_vendas_concessionaria.sql', 'empty': 'None', 'cache_selected_only': 'False', 'target_path': 'None', 'printer_width': '80', 'static_parser': 'True', 'fail_fast': 'False', 'log_cache_events': 'False', 'log_path': '/home/matheus/Documents/Projeto NOVADRIVE /projeto nova drive/dbt_transformations/logs'}
[0m18:24:18.682325 [debug] [MainThread]: Snowflake adapter: Setting snowflake.connector to ERROR (file logging only)
[0m18:24:18.682897 [debug] [MainThread]: Snowflake adapter: Setting botocore to ERROR (file logging only)
[0m18:24:18.683262 [debug] [MainThread]: Snowflake adapter: Setting boto3 to ERROR (file logging only)
[0m18:24:18.925228 [debug] [MainThread]: Sending event: {'category': 'dbt', 'action': 'project_id', 'label': '01b1b9d5-a2f1-4a0b-a412-3d4acc4c9962', 'context': [<snowplow_tracker.self_describing_json.SelfDescribingJson object at 0x752d2bd5ca70>]}
[0m18:24:18.987827 [debug] [MainThread]: Sending event: {'category': 'dbt', 'action': 'adapter_info', 'label': '01b1b9d5-a2f1-4a0b-a412-3d4acc4c9962', 'context': [<snowplow_tracker.self_describing_json.SelfDescribingJson object at 0x752d297a62d0>]}
[0m18:24:18.998744 [info ] [MainThread]: Registered adapter: snowflake=1.11.4
[0m18:24:19.175691 [debug] [MainThread]: checksum: f8bb6a62265c70f2530bed05e52c2cee1c1844b101d398a67d5798350ab914c5, vars: {}, profile: , target: , version: 1.11.9
[0m18:24:19.176366 [info ] [MainThread]: Unable to do partial parsing because saved manifest not found. Starting full parse.
[0m18:24:19.176747 [debug] [MainThread]: Sending event: {'category': 'dbt', 'action': 'partial_parser', 'label': '01b1b9d5-a2f1-4a0b-a412-3d4acc4c9962', 'context': [<snowplow_tracker.self_describing_json.SelfDescribingJson object at 0x752d2951d850>]}
[0m18:24:20.388283 [debug] [MainThread]: Sending event: {'category': 'dbt', 'action': 'load_project', 'label': '01b1b9d5-a2f1-4a0b-a412-3d4acc4c9962', 'context': [<snowplow_tracker.self_describing_json.SelfDescribingJson object at 0x752d296ac110>]}
[0m18:24:20.556395 [debug] [MainThread]: Wrote artifact WritableManifest to /home/matheus/Documents/Projeto NOVADRIVE /projeto nova drive/dbt_transformations/target/manifest.json
[0m18:24:20.559129 [debug] [MainThread]: Wrote artifact SemanticManifest to /home/matheus/Documents/Projeto NOVADRIVE /projeto nova drive/dbt_transformations/target/semantic_manifest.json
[0m18:24:20.561040 [debug] [MainThread]: Sending event: {'category': 'dbt', 'action': 'resource_counts', 'label': '01b1b9d5-a2f1-4a0b-a412-3d4acc4c9962', 'context': [<snowplow_tracker.self_describing_json.SelfDescribingJson object at 0x752d290d75f0>]}
[0m18:24:20.561516 [info ] [MainThread]: Found 2 models, 4 data tests, 525 macros
[0m18:24:20.561891 [debug] [MainThread]: Sending event: {'category': 'dbt', 'action': 'runnable_timing', 'label': '01b1b9d5-a2f1-4a0b-a412-3d4acc4c9962', 'context': [<snowplow_tracker.self_describing_json.SelfDescribingJson object at 0x752d2d97b6b0>]}
[0m18:24:20.562648 [warn ] [MainThread]: The selection criterion 'analise_vendas_concessionaria.sql' does not match any enabled nodes
[0m18:24:20.563785 [warn ] [MainThread]: Nothing to do. Try checking your model configs and model specification args
[0m18:24:20.564299 [debug] [MainThread]: Command end result
[0m18:24:20.599915 [debug] [MainThread]: Wrote artifact WritableManifest to /home/matheus/Documents/Projeto NOVADRIVE /projeto nova drive/dbt_transformations/target/manifest.json
[0m18:24:20.602209 [debug] [MainThread]: Wrote artifact SemanticManifest to /home/matheus/Documents/Projeto NOVADRIVE /projeto nova drive/dbt_transformations/target/semantic_manifest.json
[0m18:24:20.606849 [debug] [MainThread]: Wrote artifact RunExecutionResult to /home/matheus/Documents/Projeto NOVADRIVE /projeto nova drive/dbt_transformations/target/run_results.json
[0m18:24:20.609049 [debug] [MainThread]: Resource report: {"command_name": "show", "command_success": true, "command_wall_clock_time": 2.2027173, "process_in_blocks": "57360", "process_kernel_time": 0.366021, "process_mem_max_rss": "144960", "process_out_blocks": "3544", "process_user_time": 3.237188}
[0m18:24:20.610616 [debug] [MainThread]: Command `dbt show` succeeded at 18:24:20.610429 after 2.20 seconds
[0m18:24:20.611149 [debug] [MainThread]: Sending event: {'category': 'dbt', 'action': 'invocation', 'label': 'end', 'context': [<snowplow_tracker.self_describing_json.SelfDescribingJson object at 0x752d301b7d40>, <snowplow_tracker.self_describing_json.SelfDescribingJson object at 0x752d2cd317c0>, <snowplow_tracker.self_describing_json.SelfDescribingJson object at 0x752d281ef1a0>]}
[0m18:24:20.611578 [debug] [MainThread]: Flushing usage events
[0m18:24:21.138589 [debug] [MainThread]: An error was encountered while trying to flush usage events
[0m18:25:00.741264 [debug] [MainThread]: Sending event: {'category': 'dbt', 'action': 'invocation', 'label': 'start', 'context': [<snowplow_tracker.self_describing_json.SelfDescribingJson object at 0x7318fc17bef0>, <snowplow_tracker.self_describing_json.SelfDescribingJson object at 0x7318f845bce0>, <snowplow_tracker.self_describing_json.SelfDescribingJson object at 0x7318f7e25c10>]}


============================== 18:25:00.743991 | 52b4a05e-6fb0-4981-98fe-f8d1dd7aa2d8 ==============================
[0m18:25:00.743991 [info ] [MainThread]: Running with dbt=1.11.9
[0m18:25:00.744572 [debug] [MainThread]: running dbt with arguments {'printer_width': '80', 'empty': 'None', 'debug': 'False', 'quiet': 'False', 'no_print': 'None', 'fail_fast': 'False', 'static_parser': 'True', 'warn_error_options': 'WarnErrorOptionsV2(error=[], warn=[], silence=[])', 'log_cache_events': 'False', 'profiles_dir': '/home/matheus/.dbt', 'target_path': 'None', 'indirect_selection': 'eager', 'use_experimental_parser': 'False', 'log_format': 'default', 'introspect': 'True', 'send_anonymous_usage_stats': 'True', 'cache_selected_only': 'False', 'warn_error': 'None', 'log_path': '/home/matheus/Documents/Projeto NOVADRIVE /projeto nova drive/dbt_transformations/logs', 'partial_parse': 'True', 'write_json': 'True', 'use_colors': 'True', 'version_check': 'True', 'invocation_command': 'dbt show --inline SELECT * FROM analise_vendas_concessionaria.sql  LIMIT 5'}
[0m18:25:00.958238 [debug] [MainThread]: Snowflake adapter: Setting snowflake.connector to ERROR (file logging only)
[0m18:25:00.958759 [debug] [MainThread]: Snowflake adapter: Setting botocore to ERROR (file logging only)
[0m18:25:00.959123 [debug] [MainThread]: Snowflake adapter: Setting boto3 to ERROR (file logging only)
[0m18:25:01.193301 [debug] [MainThread]: Sending event: {'category': 'dbt', 'action': 'project_id', 'label': '52b4a05e-6fb0-4981-98fe-f8d1dd7aa2d8', 'context': [<snowplow_tracker.self_describing_json.SelfDescribingJson object at 0x7318f6465c40>]}
[0m18:25:01.253455 [debug] [MainThread]: Sending event: {'category': 'dbt', 'action': 'adapter_info', 'label': '52b4a05e-6fb0-4981-98fe-f8d1dd7aa2d8', 'context': [<snowplow_tracker.self_describing_json.SelfDescribingJson object at 0x7318fc363ce0>]}
[0m18:25:01.259465 [info ] [MainThread]: Registered adapter: snowflake=1.11.4
[0m18:25:01.400786 [debug] [MainThread]: checksum: f8bb6a62265c70f2530bed05e52c2cee1c1844b101d398a67d5798350ab914c5, vars: {}, profile: , target: , version: 1.11.9
[0m18:25:01.497742 [debug] [MainThread]: Partial parsing enabled: 0 files deleted, 0 files added, 0 files changed.
[0m18:25:01.498166 [debug] [MainThread]: Nothing changed, skipping partial parsing.
[0m18:25:01.498465 [debug] [MainThread]: Partial parsing enabled, no changes found, skipping parsing
[0m18:25:01.534130 [debug] [MainThread]: Sending event: {'category': 'dbt', 'action': 'load_project', 'label': '52b4a05e-6fb0-4981-98fe-f8d1dd7aa2d8', 'context': [<snowplow_tracker.self_describing_json.SelfDescribingJson object at 0x7318f697d5b0>]}
[0m18:25:01.604586 [debug] [MainThread]: Wrote artifact WritableManifest to /home/matheus/Documents/Projeto NOVADRIVE /projeto nova drive/dbt_transformations/target/manifest.json
[0m18:25:01.607072 [debug] [MainThread]: Wrote artifact SemanticManifest to /home/matheus/Documents/Projeto NOVADRIVE /projeto nova drive/dbt_transformations/target/semantic_manifest.json
[0m18:25:01.746970 [debug] [MainThread]: Sending event: {'category': 'dbt', 'action': 'resource_counts', 'label': '52b4a05e-6fb0-4981-98fe-f8d1dd7aa2d8', 'context': [<snowplow_tracker.self_describing_json.SelfDescribingJson object at 0x7318f5123e00>]}
[0m18:25:01.747775 [info ] [MainThread]: Found 2 models, 4 data tests, 1 sql operation, 525 macros
[0m18:25:01.748354 [debug] [MainThread]: Sending event: {'category': 'dbt', 'action': 'runnable_timing', 'label': '52b4a05e-6fb0-4981-98fe-f8d1dd7aa2d8', 'context': [<snowplow_tracker.self_describing_json.SelfDescribingJson object at 0x7318f5551580>]}
[0m18:25:01.750237 [info ] [MainThread]: 
[0m18:25:01.750705 [info ] [MainThread]: Concurrency: 4 threads (target='dev')
[0m18:25:01.751033 [info ] [MainThread]: 
[0m18:25:01.751519 [debug] [MainThread]: Acquiring new snowflake connection 'master'
[0m18:25:01.755315 [debug] [ThreadPool]: Acquiring new snowflake connection 'list_NOVADRIVE_stage'
[0m18:25:01.817543 [debug] [ThreadPool]: Using snowflake connection "list_NOVADRIVE_stage"
[0m18:25:01.818123 [debug] [ThreadPool]: On list_NOVADRIVE_stage: show objects in NOVADRIVE.stage
    limit 10000
    

/* {"app": "dbt", "dbt_version": "1.11.9", "profile_name": "dbt_transformations", "target_name": "dev", "connection_name": "list_NOVADRIVE_stage"} */;
[0m18:25:01.818520 [debug] [ThreadPool]: Opening a new connection, currently in state init
[0m18:25:03.408568 [debug] [ThreadPool]: SQL status: SUCCESS 7 in 1.590 seconds
[0m18:25:03.411459 [debug] [MainThread]: Sending event: {'category': 'dbt', 'action': 'runnable_timing', 'label': '52b4a05e-6fb0-4981-98fe-f8d1dd7aa2d8', 'context': [<snowplow_tracker.self_describing_json.SelfDescribingJson object at 0x7318f8c43350>]}
[0m18:25:03.415041 [debug] [Thread-2 (]: Began running node sql_operation.dbt_transformations.inline_query
[0m18:25:03.415529 [debug] [Thread-2 (]: Re-using an available connection from the pool (formerly list_NOVADRIVE_stage, now sql_operation.dbt_transformations.inline_query)
[0m18:25:03.415879 [debug] [Thread-2 (]: Began compiling node sql_operation.dbt_transformations.inline_query
[0m18:25:03.420822 [debug] [Thread-2 (]: Writing injected SQL for node "sql_operation.dbt_transformations.inline_query"
[0m18:25:03.421507 [debug] [Thread-2 (]: Began executing node sql_operation.dbt_transformations.inline_query
[0m18:25:03.428656 [debug] [Thread-2 (]: Using snowflake connection "sql_operation.dbt_transformations.inline_query"
[0m18:25:03.429231 [debug] [Thread-2 (]: On sql_operation.dbt_transformations.inline_query: SELECT * FROM analise_vendas_concessionaria.sql  LIMIT 5
  
  limit 5
/* {"app": "dbt", "dbt_version": "1.11.9", "profile_name": "dbt_transformations", "target_name": "dev", "node_id": "sql_operation.dbt_transformations.inline_query"} */
[0m18:25:03.604641 [debug] [Thread-2 (]: Snowflake adapter: Snowflake query id: 01c43d25-0001-60d6-0001-2bd60008a8ca
[0m18:25:03.605180 [debug] [Thread-2 (]: Snowflake adapter: Snowflake error: 001003 (42000): SQL compilation error:
syntax error line 3 at position 2 unexpected 'limit'.
[0m18:25:03.607348 [debug] [Thread-2 (]: Database Error in sql_operation inline_query (from remote system.sql)
  001003 (42000): SQL compilation error:
  syntax error line 3 at position 2 unexpected 'limit'.
[0m18:25:03.607911 [debug] [Thread-2 (]: Finished running node sql_operation.dbt_transformations.inline_query
[0m18:25:03.608529 [debug] [Thread-8 (]: Marking all children of 'sql_operation.dbt_transformations.inline_query' to be skipped because of status 'error'.  Reason: Database Error in sql_operation inline_query (from remote system.sql)
  001003 (42000): SQL compilation error:
  syntax error line 3 at position 2 unexpected 'limit'..
[0m18:25:03.609657 [debug] [MainThread]: Connection 'master' was properly closed.
[0m18:25:03.610158 [debug] [MainThread]: Connection 'sql_operation.dbt_transformations.inline_query' was left open.
[0m18:25:03.610515 [debug] [MainThread]: On sql_operation.dbt_transformations.inline_query: Close
[0m18:25:04.770246 [error] [MainThread]: Encountered an error:
Runtime Error
  Database Error in sql_operation inline_query (from remote system.sql)
    001003 (42000): SQL compilation error:
    syntax error line 3 at position 2 unexpected 'limit'.
[0m18:25:04.771403 [debug] [MainThread]: Resource report: {"command_name": "show", "command_success": false, "command_wall_clock_time": 4.0861664, "process_in_blocks": "5120", "process_kernel_time": 0.326444, "process_mem_max_rss": "153796", "process_out_blocks": "1232", "process_user_time": 2.298128}
[0m18:25:04.772214 [debug] [MainThread]: Command `dbt show` failed at 18:25:04.772016 after 4.09 seconds
[0m18:25:04.773002 [debug] [MainThread]: Sending event: {'category': 'dbt', 'action': 'invocation', 'label': 'end', 'context': [<snowplow_tracker.self_describing_json.SelfDescribingJson object at 0x7318f8722510>, <snowplow_tracker.self_describing_json.SelfDescribingJson object at 0x7318f5453d10>, <snowplow_tracker.self_describing_json.SelfDescribingJson object at 0x7318f6835040>]}
[0m18:25:04.773617 [debug] [MainThread]: Flushing usage events
[0m18:25:05.263273 [debug] [MainThread]: An error was encountered while trying to flush usage events
[0m18:44:27.349419 [debug] [MainThread]: Sending event: {'category': 'dbt', 'action': 'invocation', 'label': 'start', 'context': [<snowplow_tracker.self_describing_json.SelfDescribingJson object at 0x7b0f0f22ad80>, <snowplow_tracker.self_describing_json.SelfDescribingJson object at 0x7b0f0fd11a60>, <snowplow_tracker.self_describing_json.SelfDescribingJson object at 0x7b0f0fe0c140>]}


============================== 18:44:27.352081 | 48fd72e4-dfbe-4f12-97f1-bd47341d4ec3 ==============================
[0m18:44:27.352081 [info ] [MainThread]: Running with dbt=1.11.9
[0m18:44:27.352611 [debug] [MainThread]: running dbt with arguments {'cache_selected_only': 'False', 'printer_width': '80', 'use_experimental_parser': 'False', 'no_print': 'None', 'quiet': 'False', 'warn_error_options': 'WarnErrorOptionsV2(error=[], warn=[], silence=[])', 'profiles_dir': '/home/matheus/.dbt', 'log_cache_events': 'False', 'debug': 'False', 'indirect_selection': 'eager', 'warn_error': 'None', 'empty': 'False', 'version_check': 'True', 'introspect': 'True', 'write_json': 'True', 'static_parser': 'True', 'use_colors': 'True', 'send_anonymous_usage_stats': 'True', 'log_format': 'default', 'target_path': 'None', 'invocation_command': 'dbt run -s stg_cidades', 'log_path': '/home/matheus/Documents/Projeto NOVADRIVE /projeto nova drive/dbt_transformations/logs', 'fail_fast': 'False', 'partial_parse': 'True'}
[0m18:44:27.530861 [debug] [MainThread]: Snowflake adapter: Setting snowflake.connector to ERROR (file logging only)
[0m18:44:27.531358 [debug] [MainThread]: Snowflake adapter: Setting botocore to ERROR (file logging only)
[0m18:44:27.531725 [debug] [MainThread]: Snowflake adapter: Setting boto3 to ERROR (file logging only)
[0m18:44:27.729920 [debug] [MainThread]: Sending event: {'category': 'dbt', 'action': 'project_id', 'label': '48fd72e4-dfbe-4f12-97f1-bd47341d4ec3', 'context': [<snowplow_tracker.self_describing_json.SelfDescribingJson object at 0x7b0f0dd90ce0>]}
[0m18:44:27.783682 [debug] [MainThread]: Sending event: {'category': 'dbt', 'action': 'adapter_info', 'label': '48fd72e4-dfbe-4f12-97f1-bd47341d4ec3', 'context': [<snowplow_tracker.self_describing_json.SelfDescribingJson object at 0x7b0f0eb95ee0>]}
[0m18:44:27.784414 [info ] [MainThread]: Registered adapter: snowflake=1.11.4
[0m18:44:27.907509 [debug] [MainThread]: checksum: f8bb6a62265c70f2530bed05e52c2cee1c1844b101d398a67d5798350ab914c5, vars: {}, profile: , target: , version: 1.11.9
[0m18:44:27.981193 [info ] [MainThread]: Unable to do partial parsing because a project dependency has been added
[0m18:44:27.981682 [debug] [MainThread]: Sending event: {'category': 'dbt', 'action': 'partial_parser', 'label': '48fd72e4-dfbe-4f12-97f1-bd47341d4ec3', 'context': [<snowplow_tracker.self_describing_json.SelfDescribingJson object at 0x7b0f0c4f7200>]}
[0m18:44:28.882074 [error] [MainThread]: Encountered an error:
Compilation Error
  Model 'model.NOVADRIVE.stg_veiculos' (models/stage/stg_veiculos.sql) depends on a source named 'sources.veiculos' which was not found
[0m18:44:28.883093 [debug] [MainThread]: Resource report: {"command_name": "run", "command_success": false, "command_wall_clock_time": 1.5855737, "process_in_blocks": "40", "process_kernel_time": 0.254118, "process_mem_max_rss": "142872", "process_out_blocks": "8", "process_user_time": 2.556193}
[0m18:44:28.883593 [debug] [MainThread]: Command `dbt run` failed at 18:44:28.883502 after 1.59 seconds
[0m18:44:28.883976 [debug] [MainThread]: Sending event: {'category': 'dbt', 'action': 'invocation', 'label': 'end', 'context': [<snowplow_tracker.self_describing_json.SelfDescribingJson object at 0x7b0f11b4b110>, <snowplow_tracker.self_describing_json.SelfDescribingJson object at 0x7b0f0c33c9b0>, <snowplow_tracker.self_describing_json.SelfDescribingJson object at 0x7b0f0c171ca0>]}
[0m18:44:28.884353 [debug] [MainThread]: Flushing usage events
[0m18:44:29.365184 [debug] [MainThread]: An error was encountered while trying to flush usage events
[0m18:45:34.745607 [debug] [MainThread]: Sending event: {'category': 'dbt', 'action': 'invocation', 'label': 'start', 'context': [<snowplow_tracker.self_describing_json.SelfDescribingJson object at 0x7022e9757f80>, <snowplow_tracker.self_describing_json.SelfDescribingJson object at 0x7022e9c61f70>, <snowplow_tracker.self_describing_json.SelfDescribingJson object at 0x7022e9a21130>]}


============================== 18:45:34.748728 | edb4e76c-35f5-4e4f-b401-0b0921198c7c ==============================
[0m18:45:34.748728 [info ] [MainThread]: Running with dbt=1.11.9
[0m18:45:34.749571 [debug] [MainThread]: running dbt with arguments {'version_check': 'True', 'write_json': 'True', 'debug': 'False', 'warn_error_options': 'WarnErrorOptionsV2(error=[], warn=[], silence=[])', 'warn_error': 'None', 'no_print': 'None', 'printer_width': '80', 'send_anonymous_usage_stats': 'True', 'profiles_dir': '/home/matheus/.dbt', 'static_parser': 'True', 'indirect_selection': 'eager', 'log_format': 'default', 'use_experimental_parser': 'False', 'use_colors': 'True', 'empty': 'None', 'target_path': 'None', 'log_cache_events': 'False', 'fail_fast': 'False', 'cache_selected_only': 'False', 'invocation_command': 'dbt ', 'quiet': 'False', 'log_path': '/home/matheus/Documents/Projeto NOVADRIVE /projeto nova drive/dbt_transformations/logs', 'partial_parse': 'True', 'introspect': 'True'}
[0m18:45:34.849684 [debug] [MainThread]: Sending event: {'category': 'dbt', 'action': 'project_id', 'label': 'edb4e76c-35f5-4e4f-b401-0b0921198c7c', 'context': [<snowplow_tracker.self_describing_json.SelfDescribingJson object at 0x7022e8e74d40>]}
[0m18:45:34.864130 [info ] [MainThread]: Warning: No packages were found in packages.yml
[0m18:45:34.864916 [info ] [MainThread]: Warning: No packages were found in packages.yml
[0m18:45:34.865822 [debug] [MainThread]: Resource report: {"command_name": "deps", "command_success": true, "command_wall_clock_time": 0.17359495, "process_in_blocks": "176", "process_kernel_time": 0.158133, "process_mem_max_rss": "105260", "process_out_blocks": "8", "process_user_time": 1.275075}
[0m18:45:34.866297 [debug] [MainThread]: Command `cli deps` succeeded at 18:45:34.866211 after 0.17 seconds
[0m18:45:34.866680 [debug] [MainThread]: Sending event: {'category': 'dbt', 'action': 'invocation', 'label': 'end', 'context': [<snowplow_tracker.self_describing_json.SelfDescribingJson object at 0x7022ed73c1a0>, <snowplow_tracker.self_describing_json.SelfDescribingJson object at 0x7022e977ed20>, <snowplow_tracker.self_describing_json.SelfDescribingJson object at 0x7022e977ef00>]}
[0m18:45:34.867042 [debug] [MainThread]: Flushing usage events
[0m18:45:35.395570 [debug] [MainThread]: An error was encountered while trying to flush usage events
[0m18:46:24.625494 [debug] [MainThread]: Sending event: {'category': 'dbt', 'action': 'invocation', 'label': 'start', 'context': [<snowplow_tracker.self_describing_json.SelfDescribingJson object at 0x709bb093bdd0>, <snowplow_tracker.self_describing_json.SelfDescribingJson object at 0x709bb086c350>, <snowplow_tracker.self_describing_json.SelfDescribingJson object at 0x709bae4f13a0>]}


============================== 18:46:24.628200 | 11db33f3-842c-49f9-a0f5-5d01b8c599e3 ==============================
[0m18:46:24.628200 [info ] [MainThread]: Running with dbt=1.11.9
[0m18:46:24.628791 [debug] [MainThread]: running dbt with arguments {'printer_width': '80', 'profiles_dir': '/home/matheus/.dbt', 'fail_fast': 'False', 'warn_error': 'None', 'invocation_command': 'dbt ', 'indirect_selection': 'eager', 'target_path': 'None', 'write_json': 'True', 'cache_selected_only': 'False', 'quiet': 'False', 'log_cache_events': 'False', 'version_check': 'True', 'warn_error_options': 'WarnErrorOptionsV2(error=[], warn=[], silence=[])', 'static_parser': 'True', 'log_format': 'default', 'use_experimental_parser': 'False', 'empty': 'None', 'log_path': '/home/matheus/Documents/Projeto NOVADRIVE /projeto nova drive/dbt_transformations/logs', 'debug': 'False', 'use_colors': 'True', 'partial_parse': 'True', 'introspect': 'True', 'send_anonymous_usage_stats': 'True', 'no_print': 'None'}
[0m18:46:24.734585 [debug] [MainThread]: Sending event: {'category': 'dbt', 'action': 'project_id', 'label': '11db33f3-842c-49f9-a0f5-5d01b8c599e3', 'context': [<snowplow_tracker.self_describing_json.SelfDescribingJson object at 0x709bb064d460>]}
[0m18:46:24.751237 [info ] [MainThread]: Warning: No packages were found in packages.yml
[0m18:46:24.752297 [info ] [MainThread]: Warning: No packages were found in packages.yml
[0m18:46:24.753592 [debug] [MainThread]: Resource report: {"command_name": "deps", "command_success": true, "command_wall_clock_time": 0.18013714, "process_in_blocks": "0", "process_kernel_time": 0.177989, "process_mem_max_rss": "105200", "process_out_blocks": "16", "process_user_time": 1.260928}
[0m18:46:24.754241 [debug] [MainThread]: Command `cli deps` succeeded at 18:46:24.754122 after 0.18 seconds
[0m18:46:24.754757 [debug] [MainThread]: Sending event: {'category': 'dbt', 'action': 'invocation', 'label': 'end', 'context': [<snowplow_tracker.self_describing_json.SelfDescribingJson object at 0x709badb43890>, <snowplow_tracker.self_describing_json.SelfDescribingJson object at 0x709bad9036e0>, <snowplow_tracker.self_describing_json.SelfDescribingJson object at 0x709bb1fff620>]}
[0m18:46:24.755297 [debug] [MainThread]: Flushing usage events
[0m18:46:25.195102 [debug] [MainThread]: An error was encountered while trying to flush usage events
[0m18:46:26.902619 [debug] [MainThread]: Sending event: {'category': 'dbt', 'action': 'invocation', 'label': 'start', 'context': [<snowplow_tracker.self_describing_json.SelfDescribingJson object at 0x78ea64514320>, <snowplow_tracker.self_describing_json.SelfDescribingJson object at 0x78ea668bbfe0>, <snowplow_tracker.self_describing_json.SelfDescribingJson object at 0x78ea63fead20>]}


============================== 18:46:26.905535 | 9425c324-8e3b-4436-8ccd-fd28f4669e0a ==============================
[0m18:46:26.905535 [info ] [MainThread]: Running with dbt=1.11.9
[0m18:46:26.906099 [debug] [MainThread]: running dbt with arguments {'version_check': 'True', 'target_path': 'None', 'invocation_command': 'dbt ', 'fail_fast': 'False', 'quiet': 'False', 'static_parser': 'True', 'warn_error': 'None', 'profiles_dir': '/home/matheus/.dbt', 'no_print': 'None', 'debug': 'False', 'use_colors': 'True', 'empty': 'None', 'printer_width': '80', 'log_path': '/home/matheus/Documents/Projeto NOVADRIVE /projeto nova drive/dbt_transformations/logs', 'partial_parse': 'True', 'log_format': 'default', 'introspect': 'True', 'send_anonymous_usage_stats': 'True', 'use_experimental_parser': 'False', 'warn_error_options': 'WarnErrorOptionsV2(error=[], warn=[], silence=[])', 'write_json': 'True', 'indirect_selection': 'eager', 'cache_selected_only': 'False', 'log_cache_events': 'False'}
[0m18:46:26.914184 [info ] [MainThread]: dbt version: 1.11.9
[0m18:46:26.914676 [info ] [MainThread]: python version: 3.12.3
[0m18:46:26.915091 [info ] [MainThread]: python path: /home/matheus/Documents/Projeto NOVADRIVE /projeto nova drive/venv/bin/python
[0m18:46:26.915512 [info ] [MainThread]: os info: Linux-6.17.0-22-generic-x86_64-with-glibc2.39
[0m18:46:27.112887 [debug] [MainThread]: Snowflake adapter: Setting snowflake.connector to ERROR (file logging only)
[0m18:46:27.113435 [debug] [MainThread]: Snowflake adapter: Setting botocore to ERROR (file logging only)
[0m18:46:27.113846 [debug] [MainThread]: Snowflake adapter: Setting boto3 to ERROR (file logging only)
[0m18:46:27.233115 [info ] [MainThread]: Using profiles dir at /home/matheus/.dbt
[0m18:46:27.233625 [info ] [MainThread]: Using profiles.yml file at /home/matheus/.dbt/profiles.yml
[0m18:46:27.234161 [info ] [MainThread]: Using dbt_project.yml file at /home/matheus/Documents/Projeto NOVADRIVE /projeto nova drive/dbt_transformations/dbt_project.yml
[0m18:46:27.234783 [info ] [MainThread]: adapter type: snowflake
[0m18:46:27.235142 [info ] [MainThread]: adapter version: 1.11.4
[0m18:46:27.330507 [info ] [MainThread]: Configuration:
[0m18:46:27.331009 [info ] [MainThread]:   profiles.yml file [[32mOK found and valid[0m]
[0m18:46:27.331379 [info ] [MainThread]:   dbt_project.yml file [[32mOK found and valid[0m]
[0m18:46:27.331765 [info ] [MainThread]: Required dependencies:
[0m18:46:27.332131 [debug] [MainThread]: Executing "git --help"
[0m18:46:27.334035 [debug] [MainThread]: STDOUT: "b"usage: git [-v | --version] [-h | --help] [-C <path>] [-c <name>=<value>]\n           [--exec-path[=<path>]] [--html-path] [--man-path] [--info-path]\n           [-p | --paginate | -P | --no-pager] [--no-replace-objects] [--bare]\n           [--git-dir=<path>] [--work-tree=<path>] [--namespace=<name>]\n           [--config-env=<name>=<envvar>] <command> [<args>]\n\nThese are common Git commands used in various situations:\n\nstart a working area (see also: git help tutorial)\n   clone     Clone a repository into a new directory\n   init      Create an empty Git repository or reinitialize an existing one\n\nwork on the current change (see also: git help everyday)\n   add       Add file contents to the index\n   mv        Move or rename a file, a directory, or a symlink\n   restore   Restore working tree files\n   rm        Remove files from the working tree and from the index\n\nexamine the history and state (see also: git help revisions)\n   bisect    Use binary search to find the commit that introduced a bug\n   diff      Show changes between commits, commit and working tree, etc\n   grep      Print lines matching a pattern\n   log       Show commit logs\n   show      Show various types of objects\n   status    Show the working tree status\n\ngrow, mark and tweak your common history\n   branch    List, create, or delete branches\n   commit    Record changes to the repository\n   merge     Join two or more development histories together\n   rebase    Reapply commits on top of another base tip\n   reset     Reset current HEAD to the specified state\n   switch    Switch branches\n   tag       Create, list, delete or verify a tag object signed with GPG\n\ncollaborate (see also: git help workflows)\n   fetch     Download objects and refs from another repository\n   pull      Fetch from and integrate with another repository or a local branch\n   push      Update remote refs along with associated objects\n\n'git help -a' and 'git help -g' list available subcommands and some\nconcept guides. See 'git help <command>' or 'git help <concept>'\nto read about a specific subcommand or concept.\nSee 'git help git' for an overview of the system.\n""
[0m18:46:27.334428 [debug] [MainThread]: STDERR: "b''"
[0m18:46:27.334799 [info ] [MainThread]:  - git [[32mOK found[0m]

[0m18:46:27.335186 [info ] [MainThread]: Connection:
[0m18:46:27.335596 [info ] [MainThread]:   account: itzyark-bs25888
[0m18:46:27.335974 [info ] [MainThread]:   user: THEOZEERA
[0m18:46:27.336334 [info ] [MainThread]:   database: NOVADRIVE
[0m18:46:27.336723 [info ] [MainThread]:   warehouse: DEFAULT_WAREHOUSE
[0m18:46:27.337101 [info ] [MainThread]:   role: ACCOUNTADMIN
[0m18:46:27.337450 [info ] [MainThread]:   schema: stage
[0m18:46:27.337778 [info ] [MainThread]:   authenticator: None
[0m18:46:27.338104 [info ] [MainThread]:   oauth_client_id: None
[0m18:46:27.338436 [info ] [MainThread]:   query_tag: None
[0m18:46:27.338756 [info ] [MainThread]:   client_session_keep_alive: False
[0m18:46:27.339080 [info ] [MainThread]:   host: None
[0m18:46:27.339406 [info ] [MainThread]:   port: None
[0m18:46:27.339741 [info ] [MainThread]:   proxy_host: None
[0m18:46:27.340104 [info ] [MainThread]:   proxy_port: None
[0m18:46:27.340453 [info ] [MainThread]:   protocol: None
[0m18:46:27.340814 [info ] [MainThread]:   connect_retries: 1
[0m18:46:27.341130 [info ] [MainThread]:   connect_timeout: None
[0m18:46:27.341449 [info ] [MainThread]:   retry_on_database_errors: False
[0m18:46:27.341758 [info ] [MainThread]:   retry_all: False
[0m18:46:27.342067 [info ] [MainThread]:   insecure_mode: False
[0m18:46:27.342386 [info ] [MainThread]:   reuse_connections: True
[0m18:46:27.342698 [info ] [MainThread]:   s3_stage_vpce_dns_name: None
[0m18:46:27.343015 [info ] [MainThread]:   platform_detection_timeout_seconds: 0.0
[0m18:46:27.343505 [info ] [MainThread]: Registered adapter: snowflake=1.11.4
[0m18:46:27.475662 [debug] [MainThread]: Acquiring new snowflake connection 'debug'
[0m18:46:27.497782 [debug] [MainThread]: Using snowflake connection "debug"
[0m18:46:27.498303 [debug] [MainThread]: On debug: select 1 as id
[0m18:46:27.498724 [debug] [MainThread]: Opening a new connection, currently in state init
[0m18:46:28.916151 [debug] [MainThread]: SQL status: SUCCESS 1 in 1.417 seconds
[0m18:46:28.917127 [info ] [MainThread]:   Connection test: [[32mOK connection ok[0m]

[0m18:46:28.917493 [info ] [MainThread]: [32mAll checks passed![0m
[0m18:46:28.918357 [debug] [MainThread]: Resource report: {"command_name": "debug", "command_success": true, "command_wall_clock_time": 2.0717216, "process_in_blocks": "40", "process_kernel_time": 0.296983, "process_mem_max_rss": "144156", "process_out_blocks": "32", "process_user_time": 1.701907}
[0m18:46:28.918774 [debug] [MainThread]: Command `cli debug` succeeded at 18:46:28.918698 after 2.07 seconds
[0m18:46:28.919099 [debug] [MainThread]: Connection 'debug' was left open.
[0m18:46:28.919411 [debug] [MainThread]: On debug: Close
[0m18:46:29.095895 [debug] [MainThread]: Sending event: {'category': 'dbt', 'action': 'invocation', 'label': 'end', 'context': [<snowplow_tracker.self_describing_json.SelfDescribingJson object at 0x78ea658837d0>, <snowplow_tracker.self_describing_json.SelfDescribingJson object at 0x78ea64a31fa0>, <snowplow_tracker.self_describing_json.SelfDescribingJson object at 0x78ea620613d0>]}
[0m18:46:29.096615 [debug] [MainThread]: Flushing usage events
[0m18:46:29.526795 [debug] [MainThread]: An error was encountered while trying to flush usage events
[0m18:59:42.717534 [debug] [MainThread]: Sending event: {'category': 'dbt', 'action': 'invocation', 'label': 'start', 'context': [<snowplow_tracker.self_describing_json.SelfDescribingJson object at 0x7e949c159100>, <snowplow_tracker.self_describing_json.SelfDescribingJson object at 0x7e949bc52240>, <snowplow_tracker.self_describing_json.SelfDescribingJson object at 0x7e949f6c7740>]}


============================== 18:59:42.720199 | e3adf569-2086-4663-a13e-67d7eb9efdc7 ==============================
[0m18:59:42.720199 [info ] [MainThread]: Running with dbt=1.11.9
[0m18:59:42.720865 [debug] [MainThread]: running dbt with arguments {'introspect': 'True', 'log_cache_events': 'False', 'target_path': 'None', 'partial_parse': 'True', 'no_print': 'None', 'write_json': 'True', 'log_path': '/home/matheus/Documents/Projeto NOVADRIVE /projeto nova drive/dbt_transformations/logs', 'static_parser': 'True', 'use_experimental_parser': 'False', 'profiles_dir': '/home/matheus/.dbt', 'quiet': 'False', 'version_check': 'True', 'empty': 'None', 'invocation_command': 'dbt ', 'warn_error': 'None', 'indirect_selection': 'eager', 'debug': 'False', 'printer_width': '80', 'use_colors': 'True', 'send_anonymous_usage_stats': 'True', 'cache_selected_only': 'False', 'warn_error_options': 'WarnErrorOptionsV2(error=[], warn=[], silence=[])', 'log_format': 'default', 'fail_fast': 'False'}
[0m18:59:42.815211 [debug] [MainThread]: Sending event: {'category': 'dbt', 'action': 'project_id', 'label': 'e3adf569-2086-4663-a13e-67d7eb9efdc7', 'context': [<snowplow_tracker.self_describing_json.SelfDescribingJson object at 0x7e949ae5a9c0>]}
[0m18:59:42.825827 [info ] [MainThread]: Warning: No packages were found in packages.yml
[0m18:59:42.826608 [info ] [MainThread]: Warning: No packages were found in packages.yml
[0m18:59:42.827494 [debug] [MainThread]: Resource report: {"command_name": "deps", "command_success": true, "command_wall_clock_time": 0.1598021, "process_in_blocks": "0", "process_kernel_time": 0.161944, "process_mem_max_rss": "105244", "process_out_blocks": "16", "process_user_time": 1.236573}
[0m18:59:42.827950 [debug] [MainThread]: Command `cli deps` succeeded at 18:59:42.827865 after 0.16 seconds
[0m18:59:42.828300 [debug] [MainThread]: Sending event: {'category': 'dbt', 'action': 'invocation', 'label': 'end', 'context': [<snowplow_tracker.self_describing_json.SelfDescribingJson object at 0x7e949b6163c0>, <snowplow_tracker.self_describing_json.SelfDescribingJson object at 0x7e949b617380>, <snowplow_tracker.self_describing_json.SelfDescribingJson object at 0x7e949b82b290>]}
[0m18:59:42.828666 [debug] [MainThread]: Flushing usage events
[0m18:59:43.354570 [debug] [MainThread]: An error was encountered while trying to flush usage events
[0m23:43:22.515100 [debug] [MainThread]: Sending event: {'category': 'dbt', 'action': 'invocation', 'label': 'start', 'context': [<snowplow_tracker.self_describing_json.SelfDescribingJson object at 0x7e7277ed9af0>, <snowplow_tracker.self_describing_json.SelfDescribingJson object at 0x7e7275bae780>, <snowplow_tracker.self_describing_json.SelfDescribingJson object at 0x7e7277d58dd0>]}


============================== 23:43:22.517612 | 006876bd-590b-4b65-9b83-d66c16c8f079 ==============================
[0m23:43:22.517612 [info ] [MainThread]: Running with dbt=1.11.9
[0m23:43:22.518171 [debug] [MainThread]: running dbt with arguments {'invocation_command': 'dbt run -s models/dims models/analysis', 'use_experimental_parser': 'False', 'profiles_dir': '/home/matheus/.dbt', 'empty': 'False', 'printer_width': '80', 'fail_fast': 'False', 'log_path': '/home/matheus/Documents/Projeto NOVADRIVE /projeto nova drive/dbt_transformations/logs', 'partial_parse': 'True', 'quiet': 'False', 'indirect_selection': 'eager', 'log_format': 'default', 'no_print': 'None', 'write_json': 'True', 'cache_selected_only': 'False', 'target_path': 'None', 'warn_error_options': 'WarnErrorOptionsV2(error=[], warn=[], silence=[])', 'static_parser': 'True', 'debug': 'False', 'log_cache_events': 'False', 'send_anonymous_usage_stats': 'True', 'warn_error': 'None', 'use_colors': 'True', 'introspect': 'True', 'version_check': 'True'}
[0m23:43:22.690714 [debug] [MainThread]: Snowflake adapter: Setting snowflake.connector to ERROR (file logging only)
[0m23:43:22.691174 [debug] [MainThread]: Snowflake adapter: Setting botocore to ERROR (file logging only)
[0m23:43:22.691494 [debug] [MainThread]: Snowflake adapter: Setting boto3 to ERROR (file logging only)
[0m23:43:22.879064 [debug] [MainThread]: Sending event: {'category': 'dbt', 'action': 'project_id', 'label': '006876bd-590b-4b65-9b83-d66c16c8f079', 'context': [<snowplow_tracker.self_describing_json.SelfDescribingJson object at 0x7e727874ce30>]}
[0m23:43:22.929703 [debug] [MainThread]: Sending event: {'category': 'dbt', 'action': 'adapter_info', 'label': '006876bd-590b-4b65-9b83-d66c16c8f079', 'context': [<snowplow_tracker.self_describing_json.SelfDescribingJson object at 0x7e72744c03e0>]}
[0m23:43:22.930431 [info ] [MainThread]: Registered adapter: snowflake=1.11.4
[0m23:43:23.052417 [debug] [MainThread]: checksum: f8bb6a62265c70f2530bed05e52c2cee1c1844b101d398a67d5798350ab914c5, vars: {}, profile: , target: , version: 1.11.9
[0m23:43:23.119567 [info ] [MainThread]: Unable to do partial parsing because config vars, config profile, or config target have changed
[0m23:43:23.120015 [debug] [MainThread]: previous checksum: f8bb6a62265c70f2530bed05e52c2cee1c1844b101d398a67d5798350ab914c5, current checksum: a2a6c3ad70d97238cd4662b1abb61bcb7b07a15f9f2431ec5bf3dbb2eaaa5bac
[0m23:43:23.120349 [info ] [MainThread]: Unable to do partial parsing because a project config has changed
[0m23:43:23.120681 [debug] [MainThread]: Sending event: {'category': 'dbt', 'action': 'partial_parser', 'label': '006876bd-590b-4b65-9b83-d66c16c8f079', 'context': [<snowplow_tracker.self_describing_json.SelfDescribingJson object at 0x7e7275eba720>]}
[0m23:43:24.125937 [warn ] [MainThread]: [[33mWARNING[0m]: Configuration paths exist in your dbt_project.yml file which do not apply to any resources.
There are 3 unused configuration paths:
- models.NOVADRIVE.analises
- models.NOVADRIVE.staging
- models.NOVADRIVE.dims
[0m23:43:24.133487 [debug] [MainThread]: Sending event: {'category': 'dbt', 'action': 'load_project', 'label': '006876bd-590b-4b65-9b83-d66c16c8f079', 'context': [<snowplow_tracker.self_describing_json.SelfDescribingJson object at 0x7e7272e69d90>]}
[0m23:43:24.198392 [debug] [MainThread]: Wrote artifact WritableManifest to /home/matheus/Documents/Projeto NOVADRIVE /projeto nova drive/dbt_transformations/target/manifest.json
[0m23:43:24.200299 [debug] [MainThread]: Wrote artifact SemanticManifest to /home/matheus/Documents/Projeto NOVADRIVE /projeto nova drive/dbt_transformations/target/semantic_manifest.json
[0m23:43:24.207426 [debug] [MainThread]: Sending event: {'category': 'dbt', 'action': 'resource_counts', 'label': '006876bd-590b-4b65-9b83-d66c16c8f079', 'context': [<snowplow_tracker.self_describing_json.SelfDescribingJson object at 0x7e7273135b80>]}
[0m23:43:24.207957 [info ] [MainThread]: Found 19 models, 7 sources, 526 macros
[0m23:43:24.208381 [debug] [MainThread]: Sending event: {'category': 'dbt', 'action': 'runnable_timing', 'label': '006876bd-590b-4b65-9b83-d66c16c8f079', 'context': [<snowplow_tracker.self_describing_json.SelfDescribingJson object at 0x7e72787f95e0>]}
[0m23:43:24.210016 [warn ] [MainThread]: The selection criterion 'models/dims' does not match any enabled nodes
[0m23:43:24.212957 [info ] [MainThread]: 
[0m23:43:24.213355 [info ] [MainThread]: Concurrency: 4 threads (target='dev')
[0m23:43:24.213828 [info ] [MainThread]: 
[0m23:43:24.214500 [debug] [MainThread]: Acquiring new snowflake connection 'master'
[0m23:43:24.219318 [debug] [ThreadPool]: Acquiring new snowflake connection 'list_NOVADRIVE'
[0m23:43:24.256079 [debug] [ThreadPool]: Using snowflake connection "list_NOVADRIVE"
[0m23:43:24.256533 [debug] [ThreadPool]: On list_NOVADRIVE: show terse schemas in database NOVADRIVE
    limit 10000
/* {"app": "dbt", "dbt_version": "1.11.9", "profile_name": "dbt_transformations", "target_name": "dev", "connection_name": "list_NOVADRIVE"} */
[0m23:43:24.256867 [debug] [ThreadPool]: Opening a new connection, currently in state init
[0m23:43:25.639532 [debug] [ThreadPool]: SQL status: SUCCESS 3 in 1.383 seconds
[0m23:43:25.642590 [debug] [ThreadPool]: Re-using an available connection from the pool (formerly list_NOVADRIVE, now list_NOVADRIVE_stage)
[0m23:43:25.652476 [debug] [ThreadPool]: Using snowflake connection "list_NOVADRIVE_stage"
[0m23:43:25.652892 [debug] [ThreadPool]: On list_NOVADRIVE_stage: show objects in NOVADRIVE.stage
    limit 10000
    

/* {"app": "dbt", "dbt_version": "1.11.9", "profile_name": "dbt_transformations", "target_name": "dev", "connection_name": "list_NOVADRIVE_stage"} */;
[0m23:43:25.794915 [debug] [ThreadPool]: SQL status: SUCCESS 26 in 0.142 seconds
[0m23:43:25.800239 [debug] [MainThread]: Sending event: {'category': 'dbt', 'action': 'runnable_timing', 'label': '006876bd-590b-4b65-9b83-d66c16c8f079', 'context': [<snowplow_tracker.self_describing_json.SelfDescribingJson object at 0x7e7271715670>]}
[0m23:43:25.802745 [debug] [Thread-2 (]: Began running node model.NOVADRIVE.analise_vendas_concessionaria
[0m23:43:25.803175 [debug] [Thread-3 (]: Began running node model.NOVADRIVE.analise_vendas_temporal
[0m23:43:25.804136 [debug] [Thread-4 (]: Began running node model.NOVADRIVE.analise_vendas_veiculo
[0m23:43:25.804669 [debug] [Thread-5 (]: Began running node model.NOVADRIVE.analise_vendas_vendedor
[0m23:43:25.803755 [info ] [Thread-2 (]: 1 of 4 START sql table model stage.analise_vendas_concessionaria ............... [RUN]
[0m23:43:25.805261 [info ] [Thread-3 (]: 2 of 4 START sql table model stage.analise_vendas_temporal ..................... [RUN]
[0m23:43:25.805740 [info ] [Thread-4 (]: 3 of 4 START sql table model stage.analise_vendas_veiculo ...................... [RUN]
[0m23:43:25.806233 [info ] [Thread-5 (]: 4 of 4 START sql table model stage.analise_vendas_vendedor ..................... [RUN]
[0m23:43:25.806652 [debug] [Thread-2 (]: Re-using an available connection from the pool (formerly list_NOVADRIVE_stage, now model.NOVADRIVE.analise_vendas_concessionaria)
[0m23:43:25.807158 [debug] [Thread-3 (]: Acquiring new snowflake connection 'model.NOVADRIVE.analise_vendas_temporal'
[0m23:43:25.807664 [debug] [Thread-4 (]: Acquiring new snowflake connection 'model.NOVADRIVE.analise_vendas_veiculo'
[0m23:43:25.808145 [debug] [Thread-5 (]: Acquiring new snowflake connection 'model.NOVADRIVE.analise_vendas_vendedor'
[0m23:43:25.808496 [debug] [Thread-2 (]: Began compiling node model.NOVADRIVE.analise_vendas_concessionaria
[0m23:43:25.808881 [debug] [Thread-3 (]: Began compiling node model.NOVADRIVE.analise_vendas_temporal
[0m23:43:25.809276 [debug] [Thread-4 (]: Began compiling node model.NOVADRIVE.analise_vendas_veiculo
[0m23:43:25.809620 [debug] [Thread-5 (]: Began compiling node model.NOVADRIVE.analise_vendas_vendedor
[0m23:43:25.816705 [debug] [Thread-2 (]: Writing injected SQL for node "model.NOVADRIVE.analise_vendas_concessionaria"
[0m23:43:25.820031 [debug] [Thread-3 (]: Writing injected SQL for node "model.NOVADRIVE.analise_vendas_temporal"
[0m23:43:25.822642 [debug] [Thread-4 (]: Writing injected SQL for node "model.NOVADRIVE.analise_vendas_veiculo"
[0m23:43:25.825611 [debug] [Thread-5 (]: Writing injected SQL for node "model.NOVADRIVE.analise_vendas_vendedor"
[0m23:43:25.826369 [debug] [Thread-2 (]: Began executing node model.NOVADRIVE.analise_vendas_concessionaria
[0m23:43:25.826826 [debug] [Thread-3 (]: Began executing node model.NOVADRIVE.analise_vendas_temporal
[0m23:43:25.827303 [debug] [Thread-4 (]: Began executing node model.NOVADRIVE.analise_vendas_veiculo
[0m23:43:25.853271 [debug] [Thread-5 (]: Began executing node model.NOVADRIVE.analise_vendas_vendedor
[0m23:43:25.864624 [debug] [Thread-2 (]: Writing runtime sql for node "model.NOVADRIVE.analise_vendas_concessionaria"
[0m23:43:25.867445 [debug] [Thread-3 (]: Writing runtime sql for node "model.NOVADRIVE.analise_vendas_temporal"
[0m23:43:25.869712 [debug] [Thread-4 (]: Writing runtime sql for node "model.NOVADRIVE.analise_vendas_veiculo"
[0m23:43:25.871883 [debug] [Thread-5 (]: Writing runtime sql for node "model.NOVADRIVE.analise_vendas_vendedor"
[0m23:43:25.873039 [debug] [Thread-3 (]: Using snowflake connection "model.NOVADRIVE.analise_vendas_temporal"
[0m23:43:25.873963 [debug] [Thread-2 (]: Using snowflake connection "model.NOVADRIVE.analise_vendas_concessionaria"
[0m23:43:25.874369 [debug] [Thread-3 (]: On model.NOVADRIVE.analise_vendas_temporal: create or replace transient table NOVADRIVE.stage.analise_vendas_temporal
    
    
    
    as (
SELECT
    DATE_TRUNC('month', v.data_venda) AS mes_venda,
    COUNT(v.venda_id) AS numero_vendas,
    SUM(v.valor_venda) AS total_vendas,
    AVG(v.valor_venda) AS valor_medio_venda
FROM NOVADRIVE.stage.fct_vendas v
GROUP BY DATE_TRUNC('month', v.data_venda)
ORDER BY mes_venda
    )

/* {"app": "dbt", "dbt_version": "1.11.9", "profile_name": "dbt_transformations", "target_name": "dev", "node_id": "model.NOVADRIVE.analise_vendas_temporal"} */;
[0m23:43:25.875176 [debug] [Thread-4 (]: Using snowflake connection "model.NOVADRIVE.analise_vendas_veiculo"
[0m23:43:25.875632 [debug] [Thread-2 (]: On model.NOVADRIVE.analise_vendas_concessionaria: create or replace transient table NOVADRIVE.stage.analise_vendas_concessionaria
    
    
    
    as (
SELECT
    con.concessionaria_id AS id,
    con.nome_concessionaria AS concessionaria,
    cid.nome_cidade AS cidade,
    est.nome_estado AS estado,
    COUNT(v.venda_id) AS quantidade,
    SUM(v.valor_venda) AS total,
    AVG(v.valor_venda) AS valor_medio
FROM NOVADRIVE.stage.fct_vendas v
JOIN NOVADRIVE.stage.dim_concessionarias con ON v.concessionaria_id = con.concessionaria_id
JOIN NOVADRIVE.stage.dim_cidades cid ON con.cidade_id = cid.cidade_id
JOIN NOVADRIVE.stage.dim_estados est ON cid.estado_id = est.estado_id
GROUP BY con.concessionaria_id, con.nome_concessionaria, cid.nome_cidade, est.nome_estado
ORDER BY total DESC
    )

/* {"app": "dbt", "dbt_version": "1.11.9", "profile_name": "dbt_transformations", "target_name": "dev", "node_id": "model.NOVADRIVE.analise_vendas_concessionaria"} */;
[0m23:43:25.876507 [debug] [Thread-5 (]: Using snowflake connection "model.NOVADRIVE.analise_vendas_vendedor"
[0m23:43:25.876965 [debug] [Thread-3 (]: Opening a new connection, currently in state init
[0m23:43:25.877429 [debug] [Thread-4 (]: On model.NOVADRIVE.analise_vendas_veiculo: create or replace transient table NOVADRIVE.stage.analise_vendas_veiculo
    
    
    
    as (
SELECT
    vei.veiculo_id AS id,
    vei.nome_veiculo AS veiculo,
    vei.tipo AS tipo,
    vei.valor_sugerido AS valor_sugerido,
    COUNT(v.venda_id) AS quantidade,
    SUM(v.valor_venda) AS total,
    AVG(v.valor_venda) AS valor_medio
FROM NOVADRIVE.stage.fct_vendas v
JOIN NOVADRIVE.stage.dim_veiculos vei ON v.veiculo_id = vei.veiculo_id
GROUP BY vei.veiculo_id, vei.nome_veiculo, vei.tipo, vei.valor_sugerido
ORDER BY quantidade desc
    )

/* {"app": "dbt", "dbt_version": "1.11.9", "profile_name": "dbt_transformations", "target_name": "dev", "node_id": "model.NOVADRIVE.analise_vendas_veiculo"} */;
[0m23:43:25.878159 [debug] [Thread-5 (]: On model.NOVADRIVE.analise_vendas_vendedor: create or replace transient table NOVADRIVE.stage.analise_vendas_vendedor
    
    
    
    as (
SELECT
    ven.vendedor_id AS id,
    ven.nome_vendedor AS vendedor,
    nome_concessionaria AS concessionaria,
    COUNT(v.venda_id) AS quantidade,
    SUM(v.valor_venda) AS total,
    AVG(v.valor_venda) AS valor_medio
FROM NOVADRIVE.stage.fct_vendas v
JOIN NOVADRIVE.stage.dim_vendedores ven ON v.vendedor_id = ven.vendedor_id
JOIN NOVADRIVE.stage.dim_concessionarias c ON c.concessionaria_id = ven.concessionaria_id
GROUP BY ven.vendedor_id, ven.nome_vendedor,  c.nome_concessionaria
ORDER BY total DESC
    )

/* {"app": "dbt", "dbt_version": "1.11.9", "profile_name": "dbt_transformations", "target_name": "dev", "node_id": "model.NOVADRIVE.analise_vendas_vendedor"} */;
[0m23:43:25.880535 [debug] [Thread-4 (]: Opening a new connection, currently in state init
[0m23:43:25.881678 [debug] [Thread-5 (]: Opening a new connection, currently in state init
[0m23:43:27.666841 [debug] [Thread-2 (]: SQL status: SUCCESS 29 in 1.789 seconds
[0m23:43:27.686735 [debug] [Thread-2 (]: Sending event: {'category': 'dbt', 'action': 'run_model', 'label': '006876bd-590b-4b65-9b83-d66c16c8f079', 'context': [<snowplow_tracker.self_describing_json.SelfDescribingJson object at 0x7e72759e6030>]}
[0m23:43:27.687365 [info ] [Thread-2 (]: 1 of 4 OK created sql table model stage.analise_vendas_concessionaria .......... [[32mSUCCESS 29[0m in 1.88s]
[0m23:43:27.687918 [debug] [Thread-2 (]: Finished running node model.NOVADRIVE.analise_vendas_concessionaria
[0m23:43:27.895015 [debug] [Thread-3 (]: SQL status: SUCCESS 2 in 2.018 seconds
[0m23:43:27.896890 [debug] [Thread-3 (]: Sending event: {'category': 'dbt', 'action': 'run_model', 'label': '006876bd-590b-4b65-9b83-d66c16c8f079', 'context': [<snowplow_tracker.self_describing_json.SelfDescribingJson object at 0x7e7270b8cbc0>]}
[0m23:43:27.897432 [info ] [Thread-3 (]: 2 of 4 OK created sql table model stage.analise_vendas_temporal ................ [[32mSUCCESS 2[0m in 2.09s]
[0m23:43:27.897985 [debug] [Thread-3 (]: Finished running node model.NOVADRIVE.analise_vendas_temporal
[0m23:43:27.999325 [debug] [Thread-5 (]: SQL status: SUCCESS 53 in 2.118 seconds
[0m23:43:28.001088 [debug] [Thread-5 (]: Sending event: {'category': 'dbt', 'action': 'run_model', 'label': '006876bd-590b-4b65-9b83-d66c16c8f079', 'context': [<snowplow_tracker.self_describing_json.SelfDescribingJson object at 0x7e7272f28920>]}
[0m23:43:28.001632 [info ] [Thread-5 (]: 4 of 4 OK created sql table model stage.analise_vendas_vendedor ................ [[32mSUCCESS 53[0m in 2.19s]
[0m23:43:28.002171 [debug] [Thread-5 (]: Finished running node model.NOVADRIVE.analise_vendas_vendedor
[0m23:43:28.013607 [debug] [Thread-4 (]: SQL status: SUCCESS 8 in 2.133 seconds
[0m23:43:28.015257 [debug] [Thread-4 (]: Sending event: {'category': 'dbt', 'action': 'run_model', 'label': '006876bd-590b-4b65-9b83-d66c16c8f079', 'context': [<snowplow_tracker.self_describing_json.SelfDescribingJson object at 0x7e7270a80380>]}
[0m23:43:28.015798 [info ] [Thread-4 (]: 3 of 4 OK created sql table model stage.analise_vendas_veiculo ................. [[32mSUCCESS 8[0m in 2.21s]
[0m23:43:28.016303 [debug] [Thread-4 (]: Finished running node model.NOVADRIVE.analise_vendas_veiculo
[0m23:43:28.017864 [debug] [MainThread]: Connection 'master' was properly closed.
[0m23:43:28.018320 [debug] [MainThread]: Connection 'model.NOVADRIVE.analise_vendas_concessionaria' was left open.
[0m23:43:28.018776 [debug] [MainThread]: On model.NOVADRIVE.analise_vendas_concessionaria: Close
[0m23:43:28.524404 [debug] [MainThread]: Connection 'model.NOVADRIVE.analise_vendas_temporal' was left open.
[0m23:43:28.524836 [debug] [MainThread]: On model.NOVADRIVE.analise_vendas_temporal: Close
[0m23:43:28.682473 [debug] [MainThread]: Connection 'model.NOVADRIVE.analise_vendas_veiculo' was left open.
[0m23:43:28.682917 [debug] [MainThread]: On model.NOVADRIVE.analise_vendas_veiculo: Close
[0m23:43:28.859630 [debug] [MainThread]: Connection 'model.NOVADRIVE.analise_vendas_vendedor' was left open.
[0m23:43:28.860063 [debug] [MainThread]: On model.NOVADRIVE.analise_vendas_vendedor: Close
[0m23:43:29.029269 [info ] [MainThread]: 
[0m23:43:29.029732 [info ] [MainThread]: Finished running 4 table models in 0 hours 0 minutes and 4.81 seconds (4.81s).
[0m23:43:29.030676 [debug] [MainThread]: Command end result
[0m23:43:29.057952 [debug] [MainThread]: Wrote artifact WritableManifest to /home/matheus/Documents/Projeto NOVADRIVE /projeto nova drive/dbt_transformations/target/manifest.json
[0m23:43:29.059576 [debug] [MainThread]: Wrote artifact SemanticManifest to /home/matheus/Documents/Projeto NOVADRIVE /projeto nova drive/dbt_transformations/target/semantic_manifest.json
[0m23:43:29.063875 [debug] [MainThread]: Wrote artifact RunExecutionResult to /home/matheus/Documents/Projeto NOVADRIVE /projeto nova drive/dbt_transformations/target/run_results.json
[0m23:43:29.064186 [info ] [MainThread]: 
[0m23:43:29.064538 [info ] [MainThread]: [32mCompleted successfully[0m
[0m23:43:29.064848 [info ] [MainThread]: 
[0m23:43:29.065173 [info ] [MainThread]: Done. PASS=4 WARN=0 ERROR=0 SKIP=0 NO-OP=0 TOTAL=4
[0m23:43:29.065913 [debug] [MainThread]: Resource report: {"command_name": "run", "command_success": true, "command_wall_clock_time": 6.5997844, "process_in_blocks": "840", "process_kernel_time": 0.29892, "process_mem_max_rss": "164000", "process_out_blocks": "3968", "process_user_time": 2.982187}
[0m23:43:29.066341 [debug] [MainThread]: Command `dbt run` succeeded at 23:43:29.066251 after 6.60 seconds
[0m23:43:29.066668 [debug] [MainThread]: Sending event: {'category': 'dbt', 'action': 'invocation', 'label': 'end', 'context': [<snowplow_tracker.self_describing_json.SelfDescribingJson object at 0x7e7276566360>, <snowplow_tracker.self_describing_json.SelfDescribingJson object at 0x7e7276565df0>, <snowplow_tracker.self_describing_json.SelfDescribingJson object at 0x7e7275bccbc0>]}
[0m23:43:29.067008 [debug] [MainThread]: Flushing usage events
[0m23:43:29.595983 [debug] [MainThread]: An error was encountered while trying to flush usage events
[0m23:43:56.985422 [debug] [MainThread]: Sending event: {'category': 'dbt', 'action': 'invocation', 'label': 'start', 'context': [<snowplow_tracker.self_describing_json.SelfDescribingJson object at 0x7ce334e97d10>, <snowplow_tracker.self_describing_json.SelfDescribingJson object at 0x7ce334d1e480>, <snowplow_tracker.self_describing_json.SelfDescribingJson object at 0x7ce3345770e0>]}


============================== 23:43:56.987805 | e37f2e0e-cf91-436c-bfe5-bb7eaeae802a ==============================
[0m23:43:56.987805 [info ] [MainThread]: Running with dbt=1.11.9
[0m23:43:56.988339 [debug] [MainThread]: running dbt with arguments {'empty': 'False', 'send_anonymous_usage_stats': 'True', 'log_cache_events': 'False', 'version_check': 'True', 'cache_selected_only': 'False', 'warn_error': 'None', 'partial_parse': 'True', 'fail_fast': 'False', 'log_path': '/home/matheus/Documents/Projeto NOVADRIVE /projeto nova drive/dbt_transformations/logs', 'introspect': 'True', 'target_path': 'None', 'debug': 'False', 'use_experimental_parser': 'False', 'printer_width': '80', 'no_print': 'None', 'static_parser': 'True', 'warn_error_options': 'WarnErrorOptionsV2(error=[], warn=[], silence=[])', 'use_colors': 'True', 'write_json': 'True', 'invocation_command': 'dbt run -s models/dimensions', 'log_format': 'default', 'quiet': 'False', 'profiles_dir': '/home/matheus/.dbt', 'indirect_selection': 'eager'}
[0m23:43:57.154544 [debug] [MainThread]: Snowflake adapter: Setting snowflake.connector to ERROR (file logging only)
[0m23:43:57.155002 [debug] [MainThread]: Snowflake adapter: Setting botocore to ERROR (file logging only)
[0m23:43:57.155366 [debug] [MainThread]: Snowflake adapter: Setting boto3 to ERROR (file logging only)
[0m23:43:57.344083 [debug] [MainThread]: Sending event: {'category': 'dbt', 'action': 'project_id', 'label': 'e37f2e0e-cf91-436c-bfe5-bb7eaeae802a', 'context': [<snowplow_tracker.self_describing_json.SelfDescribingJson object at 0x7ce33198f050>]}
[0m23:43:57.398579 [debug] [MainThread]: Sending event: {'category': 'dbt', 'action': 'adapter_info', 'label': 'e37f2e0e-cf91-436c-bfe5-bb7eaeae802a', 'context': [<snowplow_tracker.self_describing_json.SelfDescribingJson object at 0x7ce3327208c0>]}
[0m23:43:57.399348 [info ] [MainThread]: Registered adapter: snowflake=1.11.4
[0m23:43:57.523007 [debug] [MainThread]: checksum: f8bb6a62265c70f2530bed05e52c2cee1c1844b101d398a67d5798350ab914c5, vars: {}, profile: , target: , version: 1.11.9
[0m23:43:57.605770 [debug] [MainThread]: Partial parsing enabled: 0 files deleted, 0 files added, 0 files changed.
[0m23:43:57.606194 [debug] [MainThread]: Nothing changed, skipping partial parsing.
[0m23:43:57.606525 [debug] [MainThread]: Partial parsing enabled, no changes found, skipping parsing
[0m23:43:57.611580 [warn ] [MainThread]: [[33mWARNING[0m]: Configuration paths exist in your dbt_project.yml file which do not apply to any resources.
There are 3 unused configuration paths:
- models.NOVADRIVE.staging
- models.NOVADRIVE.analises
- models.NOVADRIVE.dims
[0m23:43:57.637994 [debug] [MainThread]: Sending event: {'category': 'dbt', 'action': 'load_project', 'label': 'e37f2e0e-cf91-436c-bfe5-bb7eaeae802a', 'context': [<snowplow_tracker.self_describing_json.SelfDescribingJson object at 0x7ce333ee8fe0>]}
[0m23:43:57.703367 [debug] [MainThread]: Wrote artifact WritableManifest to /home/matheus/Documents/Projeto NOVADRIVE /projeto nova drive/dbt_transformations/target/manifest.json
[0m23:43:57.705026 [debug] [MainThread]: Wrote artifact SemanticManifest to /home/matheus/Documents/Projeto NOVADRIVE /projeto nova drive/dbt_transformations/target/semantic_manifest.json
[0m23:43:57.711683 [debug] [MainThread]: Sending event: {'category': 'dbt', 'action': 'resource_counts', 'label': 'e37f2e0e-cf91-436c-bfe5-bb7eaeae802a', 'context': [<snowplow_tracker.self_describing_json.SelfDescribingJson object at 0x7ce3317f0980>]}
[0m23:43:57.712129 [info ] [MainThread]: Found 19 models, 7 sources, 526 macros
[0m23:43:57.712484 [debug] [MainThread]: Sending event: {'category': 'dbt', 'action': 'runnable_timing', 'label': 'e37f2e0e-cf91-436c-bfe5-bb7eaeae802a', 'context': [<snowplow_tracker.self_describing_json.SelfDescribingJson object at 0x7ce3317f3320>]}
[0m23:43:57.714710 [info ] [MainThread]: 
[0m23:43:57.715082 [info ] [MainThread]: Concurrency: 4 threads (target='dev')
[0m23:43:57.715399 [info ] [MainThread]: 
[0m23:43:57.715849 [debug] [MainThread]: Acquiring new snowflake connection 'master'
[0m23:43:57.719630 [debug] [ThreadPool]: Acquiring new snowflake connection 'list_NOVADRIVE'
[0m23:43:57.756652 [debug] [ThreadPool]: Using snowflake connection "list_NOVADRIVE"
[0m23:43:57.757124 [debug] [ThreadPool]: On list_NOVADRIVE: show terse schemas in database NOVADRIVE
    limit 10000
/* {"app": "dbt", "dbt_version": "1.11.9", "profile_name": "dbt_transformations", "target_name": "dev", "connection_name": "list_NOVADRIVE"} */
[0m23:43:57.757462 [debug] [ThreadPool]: Opening a new connection, currently in state init
[0m23:43:58.984082 [debug] [ThreadPool]: SQL status: SUCCESS 3 in 1.227 seconds
[0m23:43:58.986958 [debug] [ThreadPool]: Re-using an available connection from the pool (formerly list_NOVADRIVE, now list_NOVADRIVE_stage)
[0m23:43:58.997646 [debug] [ThreadPool]: Using snowflake connection "list_NOVADRIVE_stage"
[0m23:43:58.998073 [debug] [ThreadPool]: On list_NOVADRIVE_stage: show objects in NOVADRIVE.stage
    limit 10000
    

/* {"app": "dbt", "dbt_version": "1.11.9", "profile_name": "dbt_transformations", "target_name": "dev", "connection_name": "list_NOVADRIVE_stage"} */;
[0m23:43:59.148024 [debug] [ThreadPool]: SQL status: SUCCESS 26 in 0.150 seconds
[0m23:43:59.154385 [debug] [MainThread]: Sending event: {'category': 'dbt', 'action': 'runnable_timing', 'label': 'e37f2e0e-cf91-436c-bfe5-bb7eaeae802a', 'context': [<snowplow_tracker.self_describing_json.SelfDescribingJson object at 0x7ce33248e060>]}
[0m23:43:59.156784 [debug] [Thread-2 (]: Began running node model.NOVADRIVE.dim_cidades
[0m23:43:59.157257 [debug] [Thread-3 (]: Began running node model.NOVADRIVE.dim_clientes
[0m23:43:59.157736 [debug] [Thread-4 (]: Began running node model.NOVADRIVE.dim_concessionarias
[0m23:43:59.158563 [debug] [Thread-5 (]: Began running node model.NOVADRIVE.dim_estados
[0m23:43:59.158216 [info ] [Thread-2 (]: 1 of 6 START sql table model stage.dim_cidades ................................. [RUN]
[0m23:43:59.159192 [info ] [Thread-3 (]: 2 of 6 START sql table model stage.dim_clientes ................................ [RUN]
[0m23:43:59.159789 [info ] [Thread-4 (]: 3 of 6 START sql table model stage.dim_concessionarias ......................... [RUN]
[0m23:43:59.160284 [info ] [Thread-5 (]: 4 of 6 START sql table model stage.dim_estados ................................. [RUN]
[0m23:43:59.160738 [debug] [Thread-2 (]: Re-using an available connection from the pool (formerly list_NOVADRIVE_stage, now model.NOVADRIVE.dim_cidades)
[0m23:43:59.162474 [debug] [Thread-3 (]: Acquiring new snowflake connection 'model.NOVADRIVE.dim_clientes'
[0m23:43:59.162998 [debug] [Thread-4 (]: Acquiring new snowflake connection 'model.NOVADRIVE.dim_concessionarias'
[0m23:43:59.163617 [debug] [Thread-5 (]: Acquiring new snowflake connection 'model.NOVADRIVE.dim_estados'
[0m23:43:59.164139 [debug] [Thread-2 (]: Began compiling node model.NOVADRIVE.dim_cidades
[0m23:43:59.164564 [debug] [Thread-3 (]: Began compiling node model.NOVADRIVE.dim_clientes
[0m23:43:59.165112 [debug] [Thread-4 (]: Began compiling node model.NOVADRIVE.dim_concessionarias
[0m23:43:59.165494 [debug] [Thread-5 (]: Began compiling node model.NOVADRIVE.dim_estados
[0m23:43:59.172066 [debug] [Thread-2 (]: Writing injected SQL for node "model.NOVADRIVE.dim_cidades"
[0m23:43:59.174665 [debug] [Thread-3 (]: Writing injected SQL for node "model.NOVADRIVE.dim_clientes"
[0m23:43:59.177555 [debug] [Thread-4 (]: Writing injected SQL for node "model.NOVADRIVE.dim_concessionarias"
[0m23:43:59.180739 [debug] [Thread-5 (]: Writing injected SQL for node "model.NOVADRIVE.dim_estados"
[0m23:43:59.181808 [debug] [Thread-2 (]: Began executing node model.NOVADRIVE.dim_cidades
[0m23:43:59.182312 [debug] [Thread-3 (]: Began executing node model.NOVADRIVE.dim_clientes
[0m23:43:59.182765 [debug] [Thread-4 (]: Began executing node model.NOVADRIVE.dim_concessionarias
[0m23:43:59.204091 [debug] [Thread-5 (]: Began executing node model.NOVADRIVE.dim_estados
[0m23:43:59.219369 [debug] [Thread-2 (]: Writing runtime sql for node "model.NOVADRIVE.dim_cidades"
[0m23:43:59.223365 [debug] [Thread-3 (]: Writing runtime sql for node "model.NOVADRIVE.dim_clientes"
[0m23:43:59.226046 [debug] [Thread-4 (]: Writing runtime sql for node "model.NOVADRIVE.dim_concessionarias"
[0m23:43:59.228444 [debug] [Thread-5 (]: Writing runtime sql for node "model.NOVADRIVE.dim_estados"
[0m23:43:59.229579 [debug] [Thread-2 (]: Using snowflake connection "model.NOVADRIVE.dim_cidades"
[0m23:43:59.230210 [debug] [Thread-3 (]: Using snowflake connection "model.NOVADRIVE.dim_clientes"
[0m23:43:59.230838 [debug] [Thread-4 (]: Using snowflake connection "model.NOVADRIVE.dim_concessionarias"
[0m23:43:59.231264 [debug] [Thread-2 (]: On model.NOVADRIVE.dim_cidades: create or replace transient table NOVADRIVE.stage.dim_cidades
    
    
    
    as (
SELECT
    id_cidades AS cidade_id,
    nome_cidade,
    id_estados AS estado_id,
    data_inclusao,
    data_atualizacao
FROM NOVADRIVE.stage.stg_cidades
    )

/* {"app": "dbt", "dbt_version": "1.11.9", "profile_name": "dbt_transformations", "target_name": "dev", "node_id": "model.NOVADRIVE.dim_cidades"} */;
[0m23:43:59.231778 [debug] [Thread-3 (]: On model.NOVADRIVE.dim_clientes: create or replace transient table NOVADRIVE.stage.dim_clientes
    
    
    
    as (
SELECT
    id_clientes AS cliente_id,
    cliente AS nome_cliente,
    endereco,
    id_concessionarias AS concessionaria_id,
    data_inclusao,
    data_atualizacao
FROM NOVADRIVE.stage.stg_clientes
    )

/* {"app": "dbt", "dbt_version": "1.11.9", "profile_name": "dbt_transformations", "target_name": "dev", "node_id": "model.NOVADRIVE.dim_clientes"} */;
[0m23:43:59.232468 [debug] [Thread-5 (]: Using snowflake connection "model.NOVADRIVE.dim_estados"
[0m23:43:59.232812 [debug] [Thread-4 (]: On model.NOVADRIVE.dim_concessionarias: create or replace transient table NOVADRIVE.stage.dim_concessionarias
    
    
    
    as (
SELECT
    id_concessionarias AS concessionaria_id,
    nome_concessionaria,
    id_cidades AS cidade_id,
    data_inclusao,
    data_atualizacao
FROM NOVADRIVE.stage.stg_concessionarias
    )

/* {"app": "dbt", "dbt_version": "1.11.9", "profile_name": "dbt_transformations", "target_name": "dev", "node_id": "model.NOVADRIVE.dim_concessionarias"} */;
[0m23:43:59.233684 [debug] [Thread-3 (]: Opening a new connection, currently in state init
[0m23:43:59.234712 [debug] [Thread-5 (]: On model.NOVADRIVE.dim_estados: create or replace transient table NOVADRIVE.stage.dim_estados
    
    
    
    as (
SELECT
    id_estados AS estado_id,
    estado AS nome_estado,
    sigla,
    data_inclusao,
    data_atualizacao
FROM NOVADRIVE.stage.stg_estados
    )

/* {"app": "dbt", "dbt_version": "1.11.9", "profile_name": "dbt_transformations", "target_name": "dev", "node_id": "model.NOVADRIVE.dim_estados"} */;
[0m23:43:59.235172 [debug] [Thread-4 (]: Opening a new connection, currently in state init
[0m23:43:59.235806 [debug] [Thread-5 (]: Opening a new connection, currently in state init
[0m23:44:00.185196 [debug] [Thread-2 (]: SQL status: SUCCESS 27 in 0.952 seconds
[0m23:44:00.204493 [debug] [Thread-2 (]: Sending event: {'category': 'dbt', 'action': 'run_model', 'label': 'e37f2e0e-cf91-436c-bfe5-bb7eaeae802a', 'context': [<snowplow_tracker.self_describing_json.SelfDescribingJson object at 0x7ce33065f170>]}
[0m23:44:00.205052 [info ] [Thread-2 (]: 1 of 6 OK created sql table model stage.dim_cidades ............................ [[32mSUCCESS 27[0m in 1.04s]
[0m23:44:00.205626 [debug] [Thread-2 (]: Finished running node model.NOVADRIVE.dim_cidades
[0m23:44:00.206022 [debug] [Thread-2 (]: Began running node model.NOVADRIVE.dim_veiculos
[0m23:44:00.206503 [info ] [Thread-2 (]: 5 of 6 START sql table model stage.dim_veiculos ................................ [RUN]
[0m23:44:00.206907 [debug] [Thread-2 (]: Re-using an available connection from the pool (formerly model.NOVADRIVE.dim_cidades, now model.NOVADRIVE.dim_veiculos)
[0m23:44:00.207279 [debug] [Thread-2 (]: Began compiling node model.NOVADRIVE.dim_veiculos
[0m23:44:00.209332 [debug] [Thread-2 (]: Writing injected SQL for node "model.NOVADRIVE.dim_veiculos"
[0m23:44:00.209826 [debug] [Thread-2 (]: Began executing node model.NOVADRIVE.dim_veiculos
[0m23:44:00.211851 [debug] [Thread-2 (]: Writing runtime sql for node "model.NOVADRIVE.dim_veiculos"
[0m23:44:00.212679 [debug] [Thread-2 (]: Using snowflake connection "model.NOVADRIVE.dim_veiculos"
[0m23:44:00.213041 [debug] [Thread-2 (]: On model.NOVADRIVE.dim_veiculos: create or replace transient table NOVADRIVE.stage.dim_veiculos
    
    
    
    as (
SELECT
    id_veiculos AS veiculo_id,
    nome AS nome_veiculo,
    tipo,
    valor AS valor_sugerido,
    data_atualizacao,
    data_inclusao
FROM NOVADRIVE.stage.stg_veiculos
    )

/* {"app": "dbt", "dbt_version": "1.11.9", "profile_name": "dbt_transformations", "target_name": "dev", "node_id": "model.NOVADRIVE.dim_veiculos"} */;
[0m23:44:00.494991 [debug] [Thread-3 (]: SQL status: SUCCESS 2527 in 1.261 seconds
[0m23:44:00.496810 [debug] [Thread-3 (]: Sending event: {'category': 'dbt', 'action': 'run_model', 'label': 'e37f2e0e-cf91-436c-bfe5-bb7eaeae802a', 'context': [<snowplow_tracker.self_describing_json.SelfDescribingJson object at 0x7ce33063c800>]}
[0m23:44:00.497352 [info ] [Thread-3 (]: 2 of 6 OK created sql table model stage.dim_clientes ........................... [[32mSUCCESS 2527[0m in 1.34s]
[0m23:44:00.497899 [debug] [Thread-3 (]: Finished running node model.NOVADRIVE.dim_clientes
[0m23:44:00.498323 [debug] [Thread-3 (]: Began running node model.NOVADRIVE.dim_vendedores
[0m23:44:00.498861 [info ] [Thread-3 (]: 6 of 6 START sql table model stage.dim_vendedores .............................. [RUN]
[0m23:44:00.499301 [debug] [Thread-3 (]: Re-using an available connection from the pool (formerly model.NOVADRIVE.dim_clientes, now model.NOVADRIVE.dim_vendedores)
[0m23:44:00.499633 [debug] [Thread-3 (]: Began compiling node model.NOVADRIVE.dim_vendedores
[0m23:44:00.501761 [debug] [Thread-3 (]: Writing injected SQL for node "model.NOVADRIVE.dim_vendedores"
[0m23:44:00.502259 [debug] [Thread-3 (]: Began executing node model.NOVADRIVE.dim_vendedores
[0m23:44:00.504160 [debug] [Thread-3 (]: Writing runtime sql for node "model.NOVADRIVE.dim_vendedores"
[0m23:44:00.504991 [debug] [Thread-3 (]: Using snowflake connection "model.NOVADRIVE.dim_vendedores"
[0m23:44:00.505339 [debug] [Thread-3 (]: On model.NOVADRIVE.dim_vendedores: create or replace transient table NOVADRIVE.stage.dim_vendedores
    
    
    
    as (
SELECT
    id_vendedores AS vendedor_id,
    nome_vendedor,
    id_concessionarias AS concessionaria_id,
    data_inclusao,
    data_atualizacao
FROM NOVADRIVE.stage.stg_vendedores
    )

/* {"app": "dbt", "dbt_version": "1.11.9", "profile_name": "dbt_transformations", "target_name": "dev", "node_id": "model.NOVADRIVE.dim_vendedores"} */;
[0m23:44:00.999879 [debug] [Thread-2 (]: SQL status: SUCCESS 8 in 0.786 seconds
[0m23:44:01.001490 [debug] [Thread-2 (]: Sending event: {'category': 'dbt', 'action': 'run_model', 'label': 'e37f2e0e-cf91-436c-bfe5-bb7eaeae802a', 'context': [<snowplow_tracker.self_describing_json.SelfDescribingJson object at 0x7ce3306cfe30>]}
[0m23:44:01.002038 [info ] [Thread-2 (]: 5 of 6 OK created sql table model stage.dim_veiculos ........................... [[32mSUCCESS 8[0m in 0.79s]
[0m23:44:01.002542 [debug] [Thread-2 (]: Finished running node model.NOVADRIVE.dim_veiculos
[0m23:44:01.259339 [debug] [Thread-4 (]: SQL status: SUCCESS 29 in 2.024 seconds
[0m23:44:01.261085 [debug] [Thread-4 (]: Sending event: {'category': 'dbt', 'action': 'run_model', 'label': 'e37f2e0e-cf91-436c-bfe5-bb7eaeae802a', 'context': [<snowplow_tracker.self_describing_json.SelfDescribingJson object at 0x7ce3306057c0>]}
[0m23:44:01.261670 [info ] [Thread-4 (]: 3 of 6 OK created sql table model stage.dim_concessionarias .................... [[32mSUCCESS 29[0m in 2.10s]
[0m23:44:01.262230 [debug] [Thread-4 (]: Finished running node model.NOVADRIVE.dim_concessionarias
[0m23:44:01.313642 [debug] [Thread-5 (]: SQL status: SUCCESS 27 in 2.078 seconds
[0m23:44:01.315232 [debug] [Thread-5 (]: Sending event: {'category': 'dbt', 'action': 'run_model', 'label': 'e37f2e0e-cf91-436c-bfe5-bb7eaeae802a', 'context': [<snowplow_tracker.self_describing_json.SelfDescribingJson object at 0x7ce3306ca240>]}
[0m23:44:01.315756 [info ] [Thread-5 (]: 4 of 6 OK created sql table model stage.dim_estados ............................ [[32mSUCCESS 27[0m in 2.15s]
[0m23:44:01.316254 [debug] [Thread-5 (]: Finished running node model.NOVADRIVE.dim_estados
[0m23:44:01.359974 [debug] [Thread-3 (]: SQL status: SUCCESS 53 in 0.854 seconds
[0m23:44:01.361639 [debug] [Thread-3 (]: Sending event: {'category': 'dbt', 'action': 'run_model', 'label': 'e37f2e0e-cf91-436c-bfe5-bb7eaeae802a', 'context': [<snowplow_tracker.self_describing_json.SelfDescribingJson object at 0x7ce330fecda0>]}
[0m23:44:01.362165 [info ] [Thread-3 (]: 6 of 6 OK created sql table model stage.dim_vendedores ......................... [[32mSUCCESS 53[0m in 0.86s]
[0m23:44:01.362655 [debug] [Thread-3 (]: Finished running node model.NOVADRIVE.dim_vendedores
[0m23:44:01.363771 [debug] [MainThread]: Connection 'master' was properly closed.
[0m23:44:01.364087 [debug] [MainThread]: Connection 'model.NOVADRIVE.dim_veiculos' was left open.
[0m23:44:01.364381 [debug] [MainThread]: On model.NOVADRIVE.dim_veiculos: Close
[0m23:44:01.546080 [debug] [MainThread]: Connection 'model.NOVADRIVE.dim_vendedores' was left open.
[0m23:44:01.546485 [debug] [MainThread]: On model.NOVADRIVE.dim_vendedores: Close
[0m23:44:01.715498 [debug] [MainThread]: Connection 'model.NOVADRIVE.dim_concessionarias' was left open.
[0m23:44:01.715910 [debug] [MainThread]: On model.NOVADRIVE.dim_concessionarias: Close
[0m23:44:01.887278 [debug] [MainThread]: Connection 'model.NOVADRIVE.dim_estados' was left open.
[0m23:44:01.887684 [debug] [MainThread]: On model.NOVADRIVE.dim_estados: Close
[0m23:44:02.071576 [info ] [MainThread]: 
[0m23:44:02.072025 [info ] [MainThread]: Finished running 6 table models in 0 hours 0 minutes and 4.36 seconds (4.36s).
[0m23:44:02.073145 [debug] [MainThread]: Command end result
[0m23:44:02.100449 [debug] [MainThread]: Wrote artifact WritableManifest to /home/matheus/Documents/Projeto NOVADRIVE /projeto nova drive/dbt_transformations/target/manifest.json
[0m23:44:02.102034 [debug] [MainThread]: Wrote artifact SemanticManifest to /home/matheus/Documents/Projeto NOVADRIVE /projeto nova drive/dbt_transformations/target/semantic_manifest.json
[0m23:44:02.106688 [debug] [MainThread]: Wrote artifact RunExecutionResult to /home/matheus/Documents/Projeto NOVADRIVE /projeto nova drive/dbt_transformations/target/run_results.json
[0m23:44:02.107026 [info ] [MainThread]: 
[0m23:44:02.107376 [info ] [MainThread]: [32mCompleted successfully[0m
[0m23:44:02.107681 [info ] [MainThread]: 
[0m23:44:02.108010 [info ] [MainThread]: Done. PASS=6 WARN=0 ERROR=0 SKIP=0 NO-OP=0 TOTAL=6
[0m23:44:02.108745 [debug] [MainThread]: Resource report: {"command_name": "run", "command_success": true, "command_wall_clock_time": 5.171023, "process_in_blocks": "0", "process_kernel_time": 0.322151, "process_mem_max_rss": "159868", "process_out_blocks": "2768", "process_user_time": 2.026953}
[0m23:44:02.109158 [debug] [MainThread]: Command `dbt run` succeeded at 23:44:02.109084 after 5.17 seconds
[0m23:44:02.109486 [debug] [MainThread]: Sending event: {'category': 'dbt', 'action': 'invocation', 'label': 'end', 'context': [<snowplow_tracker.self_describing_json.SelfDescribingJson object at 0x7ce336a234a0>, <snowplow_tracker.self_describing_json.SelfDescribingJson object at 0x7ce3347fcaa0>, <snowplow_tracker.self_describing_json.SelfDescribingJson object at 0x7ce333ee82f0>]}
[0m23:44:02.109819 [debug] [MainThread]: Flushing usage events
[0m23:44:02.726529 [debug] [MainThread]: An error was encountered while trying to flush usage events
[0m23:46:24.264214 [debug] [MainThread]: Sending event: {'category': 'dbt', 'action': 'invocation', 'label': 'start', 'context': [<snowplow_tracker.self_describing_json.SelfDescribingJson object at 0x7a44cfa5b6e0>, <snowplow_tracker.self_describing_json.SelfDescribingJson object at 0x7a44cd93fbc0>, <snowplow_tracker.self_describing_json.SelfDescribingJson object at 0x7a44cfb4b8f0>]}


============================== 23:46:24.266978 | 273d5b2c-a0c8-4e8d-93b1-5e8abbea8c87 ==============================
[0m23:46:24.266978 [info ] [MainThread]: Running with dbt=1.11.9
[0m23:46:24.267513 [debug] [MainThread]: running dbt with arguments {'version_check': 'True', 'log_format': 'default', 'empty': 'None', 'profiles_dir': '/home/matheus/.dbt', 'partial_parse': 'True', 'introspect': 'True', 'invocation_command': 'dbt docs generate', 'no_print': 'None', 'quiet': 'False', 'indirect_selection': 'eager', 'target_path': 'None', 'fail_fast': 'False', 'printer_width': '80', 'cache_selected_only': 'False', 'log_path': '/home/matheus/Documents/Projeto NOVADRIVE /projeto nova drive/dbt_transformations/logs', 'log_cache_events': 'False', 'warn_error_options': 'WarnErrorOptionsV2(error=[], warn=[], silence=[])', 'use_experimental_parser': 'False', 'use_colors': 'True', 'static_parser': 'True', 'warn_error': 'None', 'send_anonymous_usage_stats': 'True', 'debug': 'False', 'write_json': 'True'}
[0m23:46:24.443497 [debug] [MainThread]: Snowflake adapter: Setting snowflake.connector to ERROR (file logging only)
[0m23:46:24.443984 [debug] [MainThread]: Snowflake adapter: Setting botocore to ERROR (file logging only)
[0m23:46:24.444327 [debug] [MainThread]: Snowflake adapter: Setting boto3 to ERROR (file logging only)
[0m23:46:24.651450 [debug] [MainThread]: Sending event: {'category': 'dbt', 'action': 'project_id', 'label': '273d5b2c-a0c8-4e8d-93b1-5e8abbea8c87', 'context': [<snowplow_tracker.self_describing_json.SelfDescribingJson object at 0x7a44cb4a1d30>]}
[0m23:46:24.705882 [debug] [MainThread]: Sending event: {'category': 'dbt', 'action': 'adapter_info', 'label': '273d5b2c-a0c8-4e8d-93b1-5e8abbea8c87', 'context': [<snowplow_tracker.self_describing_json.SelfDescribingJson object at 0x7a44cdce4aa0>]}
[0m23:46:24.706664 [info ] [MainThread]: Registered adapter: snowflake=1.11.4
[0m23:46:24.841577 [debug] [MainThread]: checksum: f8bb6a62265c70f2530bed05e52c2cee1c1844b101d398a67d5798350ab914c5, vars: {}, profile: , target: , version: 1.11.9
[0m23:46:24.929084 [debug] [MainThread]: Partial parsing enabled: 0 files deleted, 0 files added, 0 files changed.
[0m23:46:24.929745 [debug] [MainThread]: Nothing changed, skipping partial parsing.
[0m23:46:24.930215 [debug] [MainThread]: Partial parsing enabled, no changes found, skipping parsing
[0m23:46:24.935785 [warn ] [MainThread]: [[33mWARNING[0m]: Configuration paths exist in your dbt_project.yml file which do not apply to any resources.
There are 3 unused configuration paths:
- models.NOVADRIVE.staging
- models.NOVADRIVE.analises
- models.NOVADRIVE.dims
[0m23:46:24.962489 [debug] [MainThread]: Sending event: {'category': 'dbt', 'action': 'load_project', 'label': '273d5b2c-a0c8-4e8d-93b1-5e8abbea8c87', 'context': [<snowplow_tracker.self_describing_json.SelfDescribingJson object at 0x7a44ca68b1d0>]}
[0m23:46:24.971596 [debug] [MainThread]: Sending event: {'category': 'dbt', 'action': 'resource_counts', 'label': '273d5b2c-a0c8-4e8d-93b1-5e8abbea8c87', 'context': [<snowplow_tracker.self_describing_json.SelfDescribingJson object at 0x7a44ca6580e0>]}
[0m23:46:24.972118 [info ] [MainThread]: Found 19 models, 7 sources, 526 macros
[0m23:46:24.972492 [debug] [MainThread]: Sending event: {'category': 'dbt', 'action': 'runnable_timing', 'label': '273d5b2c-a0c8-4e8d-93b1-5e8abbea8c87', 'context': [<snowplow_tracker.self_describing_json.SelfDescribingJson object at 0x7a44ccf302c0>]}
[0m23:46:24.974415 [info ] [MainThread]: 
[0m23:46:24.974777 [info ] [MainThread]: Concurrency: 4 threads (target='dev')
[0m23:46:24.975100 [info ] [MainThread]: 
[0m23:46:24.975551 [debug] [MainThread]: Acquiring new snowflake connection 'master'
[0m23:46:24.979890 [debug] [ThreadPool]: Acquiring new snowflake connection 'list_NOVADRIVE_stage'
[0m23:46:25.023904 [debug] [ThreadPool]: Using snowflake connection "list_NOVADRIVE_stage"
[0m23:46:25.024392 [debug] [ThreadPool]: On list_NOVADRIVE_stage: show objects in NOVADRIVE.stage
    limit 10000
    

/* {"app": "dbt", "dbt_version": "1.11.9", "profile_name": "dbt_transformations", "target_name": "dev", "connection_name": "list_NOVADRIVE_stage"} */;
[0m23:46:25.024707 [debug] [ThreadPool]: Opening a new connection, currently in state init
[0m23:46:26.400716 [debug] [ThreadPool]: SQL status: SUCCESS 26 in 1.376 seconds
[0m23:46:26.405768 [debug] [MainThread]: Sending event: {'category': 'dbt', 'action': 'runnable_timing', 'label': '273d5b2c-a0c8-4e8d-93b1-5e8abbea8c87', 'context': [<snowplow_tracker.self_describing_json.SelfDescribingJson object at 0x7a44ca75f950>]}
[0m23:46:26.408156 [debug] [Thread-2 (]: Began running node model.NOVADRIVE.stg_cidades
[0m23:46:26.408552 [debug] [Thread-3 (]: Began running node model.NOVADRIVE.stg_clientes
[0m23:46:26.408996 [debug] [Thread-4 (]: Began running node model.NOVADRIVE.stg_concessionarias
[0m23:46:26.409418 [debug] [Thread-2 (]: Re-using an available connection from the pool (formerly list_NOVADRIVE_stage, now model.NOVADRIVE.stg_cidades)
[0m23:46:26.409793 [debug] [Thread-5 (]: Began running node model.NOVADRIVE.stg_estados
[0m23:46:26.410321 [debug] [Thread-3 (]: Acquiring new snowflake connection 'model.NOVADRIVE.stg_clientes'
[0m23:46:26.410746 [debug] [Thread-4 (]: Acquiring new snowflake connection 'model.NOVADRIVE.stg_concessionarias'
[0m23:46:26.411170 [debug] [Thread-2 (]: Began compiling node model.NOVADRIVE.stg_cidades
[0m23:46:26.411643 [debug] [Thread-5 (]: Acquiring new snowflake connection 'model.NOVADRIVE.stg_estados'
[0m23:46:26.412009 [debug] [Thread-3 (]: Began compiling node model.NOVADRIVE.stg_clientes
[0m23:46:26.412450 [debug] [Thread-4 (]: Began compiling node model.NOVADRIVE.stg_concessionarias
[0m23:46:26.418947 [debug] [Thread-2 (]: Writing injected SQL for node "model.NOVADRIVE.stg_cidades"
[0m23:46:26.419401 [debug] [Thread-5 (]: Began compiling node model.NOVADRIVE.stg_estados
[0m23:46:26.421713 [debug] [Thread-3 (]: Writing injected SQL for node "model.NOVADRIVE.stg_clientes"
[0m23:46:26.424908 [debug] [Thread-4 (]: Writing injected SQL for node "model.NOVADRIVE.stg_concessionarias"
[0m23:46:26.427467 [debug] [Thread-5 (]: Writing injected SQL for node "model.NOVADRIVE.stg_estados"
[0m23:46:26.428083 [debug] [Thread-2 (]: Began executing node model.NOVADRIVE.stg_cidades
[0m23:46:26.428701 [debug] [Thread-3 (]: Began executing node model.NOVADRIVE.stg_clientes
[0m23:46:26.429288 [debug] [Thread-4 (]: Began executing node model.NOVADRIVE.stg_concessionarias
[0m23:46:26.429916 [debug] [Thread-2 (]: Finished running node model.NOVADRIVE.stg_cidades
[0m23:46:26.430328 [debug] [Thread-5 (]: Began executing node model.NOVADRIVE.stg_estados
[0m23:46:26.430861 [debug] [Thread-3 (]: Finished running node model.NOVADRIVE.stg_clientes
[0m23:46:26.431432 [debug] [Thread-4 (]: Finished running node model.NOVADRIVE.stg_concessionarias
[0m23:46:26.431825 [debug] [Thread-2 (]: Began running node model.NOVADRIVE.stg_veiculos
[0m23:46:26.432555 [debug] [Thread-5 (]: Finished running node model.NOVADRIVE.stg_estados
[0m23:46:26.433051 [debug] [Thread-3 (]: Began running node model.NOVADRIVE.stg_vendas
[0m23:46:26.433516 [debug] [Thread-4 (]: Began running node model.NOVADRIVE.stg_vendedores
[0m23:46:26.433949 [debug] [Thread-2 (]: Re-using an available connection from the pool (formerly model.NOVADRIVE.stg_cidades, now model.NOVADRIVE.stg_veiculos)
[0m23:46:26.434369 [debug] [Thread-5 (]: Began running node model.NOVADRIVE.dim_cidades
[0m23:46:26.434851 [debug] [Thread-3 (]: Re-using an available connection from the pool (formerly model.NOVADRIVE.stg_clientes, now model.NOVADRIVE.stg_vendas)
[0m23:46:26.435354 [debug] [Thread-4 (]: Re-using an available connection from the pool (formerly model.NOVADRIVE.stg_concessionarias, now model.NOVADRIVE.stg_vendedores)
[0m23:46:26.435727 [debug] [Thread-2 (]: Began compiling node model.NOVADRIVE.stg_veiculos
[0m23:46:26.436103 [debug] [Thread-5 (]: Re-using an available connection from the pool (formerly model.NOVADRIVE.stg_estados, now model.NOVADRIVE.dim_cidades)
[0m23:46:26.436499 [debug] [Thread-3 (]: Began compiling node model.NOVADRIVE.stg_vendas
[0m23:46:26.436894 [debug] [Thread-4 (]: Began compiling node model.NOVADRIVE.stg_vendedores
[0m23:46:26.439462 [debug] [Thread-2 (]: Writing injected SQL for node "model.NOVADRIVE.stg_veiculos"
[0m23:46:26.439894 [debug] [Thread-5 (]: Began compiling node model.NOVADRIVE.dim_cidades
[0m23:46:26.442353 [debug] [Thread-3 (]: Writing injected SQL for node "model.NOVADRIVE.stg_vendas"
[0m23:46:26.445800 [debug] [Thread-4 (]: Writing injected SQL for node "model.NOVADRIVE.stg_vendedores"
[0m23:46:26.448290 [debug] [Thread-5 (]: Writing injected SQL for node "model.NOVADRIVE.dim_cidades"
[0m23:46:26.449112 [debug] [Thread-2 (]: Began executing node model.NOVADRIVE.stg_veiculos
[0m23:46:26.449794 [debug] [Thread-3 (]: Began executing node model.NOVADRIVE.stg_vendas
[0m23:46:26.450672 [debug] [Thread-2 (]: Finished running node model.NOVADRIVE.stg_veiculos
[0m23:46:26.451005 [debug] [Thread-4 (]: Began executing node model.NOVADRIVE.stg_vendedores
[0m23:46:26.451634 [debug] [Thread-3 (]: Finished running node model.NOVADRIVE.stg_vendas
[0m23:46:26.451996 [debug] [Thread-5 (]: Began executing node model.NOVADRIVE.dim_cidades
[0m23:46:26.452422 [debug] [Thread-2 (]: Began running node model.NOVADRIVE.dim_clientes
[0m23:46:26.453165 [debug] [Thread-4 (]: Finished running node model.NOVADRIVE.stg_vendedores
[0m23:46:26.453655 [debug] [Thread-3 (]: Began running node model.NOVADRIVE.dim_concessionarias
[0m23:46:26.454251 [debug] [Thread-5 (]: Finished running node model.NOVADRIVE.dim_cidades
[0m23:46:26.454637 [debug] [Thread-2 (]: Re-using an available connection from the pool (formerly model.NOVADRIVE.stg_veiculos, now model.NOVADRIVE.dim_clientes)
[0m23:46:26.455048 [debug] [Thread-4 (]: Began running node model.NOVADRIVE.dim_estados
[0m23:46:26.455566 [debug] [Thread-3 (]: Re-using an available connection from the pool (formerly model.NOVADRIVE.stg_vendas, now model.NOVADRIVE.dim_concessionarias)
[0m23:46:26.456008 [debug] [Thread-5 (]: Began running node model.NOVADRIVE.dim_veiculos
[0m23:46:26.456422 [debug] [Thread-2 (]: Began compiling node model.NOVADRIVE.dim_clientes
[0m23:46:26.456789 [debug] [Thread-4 (]: Re-using an available connection from the pool (formerly model.NOVADRIVE.stg_vendedores, now model.NOVADRIVE.dim_estados)
[0m23:46:26.457157 [debug] [Thread-3 (]: Began compiling node model.NOVADRIVE.dim_concessionarias
[0m23:46:26.457563 [debug] [Thread-5 (]: Re-using an available connection from the pool (formerly model.NOVADRIVE.dim_cidades, now model.NOVADRIVE.dim_veiculos)
[0m23:46:26.459952 [debug] [Thread-2 (]: Writing injected SQL for node "model.NOVADRIVE.dim_clientes"
[0m23:46:26.460394 [debug] [Thread-4 (]: Began compiling node model.NOVADRIVE.dim_estados
[0m23:46:26.462651 [debug] [Thread-3 (]: Writing injected SQL for node "model.NOVADRIVE.dim_concessionarias"
[0m23:46:26.463093 [debug] [Thread-5 (]: Began compiling node model.NOVADRIVE.dim_veiculos
[0m23:46:26.466045 [debug] [Thread-4 (]: Writing injected SQL for node "model.NOVADRIVE.dim_estados"
[0m23:46:26.466663 [debug] [Thread-2 (]: Began executing node model.NOVADRIVE.dim_clientes
[0m23:46:26.469122 [debug] [Thread-5 (]: Writing injected SQL for node "model.NOVADRIVE.dim_veiculos"
[0m23:46:26.469555 [debug] [Thread-3 (]: Began executing node model.NOVADRIVE.dim_concessionarias
[0m23:46:26.470388 [debug] [Thread-2 (]: Finished running node model.NOVADRIVE.dim_clientes
[0m23:46:26.470894 [debug] [Thread-4 (]: Began executing node model.NOVADRIVE.dim_estados
[0m23:46:26.471559 [debug] [Thread-3 (]: Finished running node model.NOVADRIVE.dim_concessionarias
[0m23:46:26.471979 [debug] [Thread-2 (]: Began running node model.NOVADRIVE.dim_vendedores
[0m23:46:26.472481 [debug] [Thread-5 (]: Began executing node model.NOVADRIVE.dim_veiculos
[0m23:46:26.473091 [debug] [Thread-4 (]: Finished running node model.NOVADRIVE.dim_estados
[0m23:46:26.473549 [debug] [Thread-2 (]: Re-using an available connection from the pool (formerly model.NOVADRIVE.dim_clientes, now model.NOVADRIVE.dim_vendedores)
[0m23:46:26.474155 [debug] [Thread-5 (]: Finished running node model.NOVADRIVE.dim_veiculos
[0m23:46:26.474797 [debug] [Thread-2 (]: Began compiling node model.NOVADRIVE.dim_vendedores
[0m23:46:26.478795 [debug] [Thread-2 (]: Writing injected SQL for node "model.NOVADRIVE.dim_vendedores"
[0m23:46:26.479466 [debug] [Thread-2 (]: Began executing node model.NOVADRIVE.dim_vendedores
[0m23:46:26.480073 [debug] [Thread-2 (]: Finished running node model.NOVADRIVE.dim_vendedores
[0m23:46:26.480715 [debug] [Thread-3 (]: Began running node model.NOVADRIVE.fct_vendas
[0m23:46:26.481142 [debug] [Thread-3 (]: Re-using an available connection from the pool (formerly model.NOVADRIVE.dim_concessionarias, now model.NOVADRIVE.fct_vendas)
[0m23:46:26.481493 [debug] [Thread-3 (]: Began compiling node model.NOVADRIVE.fct_vendas
[0m23:46:26.490602 [debug] [Thread-3 (]: Writing injected SQL for node "model.NOVADRIVE.fct_vendas"
[0m23:46:26.491284 [debug] [Thread-3 (]: Began executing node model.NOVADRIVE.fct_vendas
[0m23:46:26.491921 [debug] [Thread-3 (]: Finished running node model.NOVADRIVE.fct_vendas
[0m23:46:26.492679 [debug] [Thread-5 (]: Began running node model.NOVADRIVE.analise_vendas_concessionaria
[0m23:46:26.493114 [debug] [Thread-2 (]: Began running node model.NOVADRIVE.analise_vendas_temporal
[0m23:46:26.493511 [debug] [Thread-4 (]: Began running node model.NOVADRIVE.analise_vendas_veiculo
[0m23:46:26.493864 [debug] [Thread-5 (]: Re-using an available connection from the pool (formerly model.NOVADRIVE.dim_veiculos, now model.NOVADRIVE.analise_vendas_concessionaria)
[0m23:46:26.494250 [debug] [Thread-3 (]: Began running node model.NOVADRIVE.analise_vendas_vendedor
[0m23:46:26.494630 [debug] [Thread-2 (]: Re-using an available connection from the pool (formerly model.NOVADRIVE.dim_vendedores, now model.NOVADRIVE.analise_vendas_temporal)
[0m23:46:26.495001 [debug] [Thread-4 (]: Re-using an available connection from the pool (formerly model.NOVADRIVE.dim_estados, now model.NOVADRIVE.analise_vendas_veiculo)
[0m23:46:26.495365 [debug] [Thread-5 (]: Began compiling node model.NOVADRIVE.analise_vendas_concessionaria
[0m23:46:26.495732 [debug] [Thread-3 (]: Re-using an available connection from the pool (formerly model.NOVADRIVE.fct_vendas, now model.NOVADRIVE.analise_vendas_vendedor)
[0m23:46:26.496123 [debug] [Thread-2 (]: Began compiling node model.NOVADRIVE.analise_vendas_temporal
[0m23:46:26.496503 [debug] [Thread-4 (]: Began compiling node model.NOVADRIVE.analise_vendas_veiculo
[0m23:46:26.499521 [debug] [Thread-5 (]: Writing injected SQL for node "model.NOVADRIVE.analise_vendas_concessionaria"
[0m23:46:26.500004 [debug] [Thread-3 (]: Began compiling node model.NOVADRIVE.analise_vendas_vendedor
[0m23:46:26.503309 [debug] [Thread-2 (]: Writing injected SQL for node "model.NOVADRIVE.analise_vendas_temporal"
[0m23:46:26.506386 [debug] [Thread-4 (]: Writing injected SQL for node "model.NOVADRIVE.analise_vendas_veiculo"
[0m23:46:26.510777 [debug] [Thread-3 (]: Writing injected SQL for node "model.NOVADRIVE.analise_vendas_vendedor"
[0m23:46:26.511373 [debug] [Thread-5 (]: Began executing node model.NOVADRIVE.analise_vendas_concessionaria
[0m23:46:26.511999 [debug] [Thread-2 (]: Began executing node model.NOVADRIVE.analise_vendas_temporal
[0m23:46:26.512510 [debug] [Thread-4 (]: Began executing node model.NOVADRIVE.analise_vendas_veiculo
[0m23:46:26.513186 [debug] [Thread-5 (]: Finished running node model.NOVADRIVE.analise_vendas_concessionaria
[0m23:46:26.513611 [debug] [Thread-3 (]: Began executing node model.NOVADRIVE.analise_vendas_vendedor
[0m23:46:26.514181 [debug] [Thread-2 (]: Finished running node model.NOVADRIVE.analise_vendas_temporal
[0m23:46:26.514838 [debug] [Thread-4 (]: Finished running node model.NOVADRIVE.analise_vendas_veiculo
[0m23:46:26.515344 [debug] [Thread-5 (]: Began running node model.NOVADRIVE.test
[0m23:46:26.516003 [debug] [Thread-3 (]: Finished running node model.NOVADRIVE.analise_vendas_vendedor
[0m23:46:26.516616 [debug] [Thread-5 (]: Re-using an available connection from the pool (formerly model.NOVADRIVE.analise_vendas_concessionaria, now model.NOVADRIVE.test)
[0m23:46:26.517052 [debug] [Thread-5 (]: Began compiling node model.NOVADRIVE.test
[0m23:46:26.519363 [debug] [Thread-5 (]: Writing injected SQL for node "model.NOVADRIVE.test"
[0m23:46:26.519866 [debug] [Thread-5 (]: Began executing node model.NOVADRIVE.test
[0m23:46:26.520598 [debug] [Thread-5 (]: Finished running node model.NOVADRIVE.test
[0m23:46:26.521645 [debug] [MainThread]: Connection 'master' was properly closed.
[0m23:46:26.521994 [debug] [MainThread]: Connection 'model.NOVADRIVE.analise_vendas_temporal' was left open.
[0m23:46:26.522331 [debug] [MainThread]: On model.NOVADRIVE.analise_vendas_temporal: Close
[0m23:46:26.681717 [debug] [MainThread]: Connection 'model.NOVADRIVE.analise_vendas_vendedor' was properly closed.
[0m23:46:26.682126 [debug] [MainThread]: Connection 'model.NOVADRIVE.analise_vendas_veiculo' was properly closed.
[0m23:46:26.682413 [debug] [MainThread]: Connection 'model.NOVADRIVE.test' was properly closed.
[0m23:46:26.684486 [debug] [MainThread]: Command end result
[0m23:46:26.751301 [debug] [MainThread]: Wrote artifact WritableManifest to /home/matheus/Documents/Projeto NOVADRIVE /projeto nova drive/dbt_transformations/target/manifest.json
[0m23:46:26.753079 [debug] [MainThread]: Wrote artifact SemanticManifest to /home/matheus/Documents/Projeto NOVADRIVE /projeto nova drive/dbt_transformations/target/semantic_manifest.json
[0m23:46:26.758704 [debug] [MainThread]: Wrote artifact RunExecutionResult to /home/matheus/Documents/Projeto NOVADRIVE /projeto nova drive/dbt_transformations/target/run_results.json
[0m23:46:26.762449 [debug] [MainThread]: Acquiring new snowflake connection 'generate_catalog'
[0m23:46:26.762763 [info ] [MainThread]: Building catalog
[0m23:46:26.772799 [debug] [ThreadPool]: Acquiring new snowflake connection 'NOVADRIVE.information_schema'
[0m23:46:26.790978 [debug] [ThreadPool]: Using snowflake connection "NOVADRIVE.information_schema"
[0m23:46:26.791761 [debug] [ThreadPool]: On NOVADRIVE.information_schema: with tables as (
            select
        table_catalog as "table_database",
        table_schema as "table_schema",
        table_name as "table_name",
        case
            when is_dynamic = 'YES' and table_type = 'BASE TABLE' THEN 'DYNAMIC TABLE'
            else table_type
        end as "table_type",
        comment as "table_comment",

        -- note: this is the _role_ that owns the table
        table_owner as "table_owner",

        'Clustering Key' as "stats:clustering_key:label",
        clustering_key as "stats:clustering_key:value",
        'The key used to cluster this table' as "stats:clustering_key:description",
        (clustering_key is not null) as "stats:clustering_key:include",

        'Row Count' as "stats:row_count:label",
        row_count as "stats:row_count:value",
        'An approximate count of rows in this table' as "stats:row_count:description",
        (row_count is not null) as "stats:row_count:include",

        'Approximate Size' as "stats:bytes:label",
        bytes as "stats:bytes:value",
        'Approximate size of the table as reported by Snowflake' as "stats:bytes:description",
        (bytes is not null) as "stats:bytes:include",

        'Last Modified' as "stats:last_modified:label",
        to_varchar(convert_timezone('UTC', last_altered), 'yyyy-mm-dd HH24:MI'||'UTC') as "stats:last_modified:value",
        'The timestamp for last update/change' as "stats:last_modified:description",
        (last_altered is not null and table_type='BASE TABLE') as "stats:last_modified:include"
    from NOVADRIVE.INFORMATION_SCHEMA.tables
            where (
                (
                    
    "table_schema" ilike 'stage' and upper("table_schema") = upper('stage')

                    and 
    "table_name" ilike 'dim_estados' and upper("table_name") = upper('dim_estados')

                )
             or 
                (
                    
    "table_schema" ilike 'stage' and upper("table_schema") = upper('stage')

                    and 
    "table_name" ilike 'analise_vendas_veiculo' and upper("table_name") = upper('analise_vendas_veiculo')

                )
             or 
                (
                    
    "table_schema" ilike 'stage' and upper("table_schema") = upper('stage')

                    and 
    "table_name" ilike 'stg_cidades' and upper("table_name") = upper('stg_cidades')

                )
             or 
                (
                    
    "table_schema" ilike 'stage' and upper("table_schema") = upper('stage')

                    and 
    "table_name" ilike 'analise_vendas_concessionaria' and upper("table_name") = upper('analise_vendas_concessionaria')

                )
             or 
                (
                    
    "table_schema" ilike 'stage' and upper("table_schema") = upper('stage')

                    and 
    "table_name" ilike 'dim_concessionarias' and upper("table_name") = upper('dim_concessionarias')

                )
             or 
                (
                    
    "table_schema" ilike 'stage' and upper("table_schema") = upper('stage')

                    and 
    "table_name" ilike 'stg_clientes' and upper("table_name") = upper('stg_clientes')

                )
             or 
                (
                    
    "table_schema" ilike 'stage' and upper("table_schema") = upper('stage')

                    and 
    "table_name" ilike 'dim_clientes' and upper("table_name") = upper('dim_clientes')

                )
             or 
                (
                    
    "table_schema" ilike 'STAGE' and upper("table_schema") = upper('STAGE')

                    and 
    "table_name" ilike 'concessionarias' and upper("table_name") = upper('concessionarias')

                )
             or 
                (
                    
    "table_schema" ilike 'stage' and upper("table_schema") = upper('stage')

                    and 
    "table_name" ilike 'dim_vendedores' and upper("table_name") = upper('dim_vendedores')

                )
             or 
                (
                    
    "table_schema" ilike 'STAGE' and upper("table_schema") = upper('STAGE')

                    and 
    "table_name" ilike 'cidades' and upper("table_name") = upper('cidades')

                )
             or 
                (
                    
    "table_schema" ilike 'stage' and upper("table_schema") = upper('stage')

                    and 
    "table_name" ilike 'test' and upper("table_name") = upper('test')

                )
             or 
                (
                    
    "table_schema" ilike 'STAGE' and upper("table_schema") = upper('STAGE')

                    and 
    "table_name" ilike 'estados' and upper("table_name") = upper('estados')

                )
             or 
                (
                    
    "table_schema" ilike 'STAGE' and upper("table_schema") = upper('STAGE')

                    and 
    "table_name" ilike 'vendedores' and upper("table_name") = upper('vendedores')

                )
             or 
                (
                    
    "table_schema" ilike 'STAGE' and upper("table_schema") = upper('STAGE')

                    and 
    "table_name" ilike 'vendas' and upper("table_name") = upper('vendas')

                )
             or 
                (
                    
    "table_schema" ilike 'stage' and upper("table_schema") = upper('stage')

                    and 
    "table_name" ilike 'analise_vendas_temporal' and upper("table_name") = upper('analise_vendas_temporal')

                )
             or 
                (
                    
    "table_schema" ilike 'STAGE' and upper("table_schema") = upper('STAGE')

                    and 
    "table_name" ilike 'clientes' and upper("table_name") = upper('clientes')

                )
             or 
                (
                    
    "table_schema" ilike 'stage' and upper("table_schema") = upper('stage')

                    and 
    "table_name" ilike 'analise_vendas_vendedor' and upper("table_name") = upper('analise_vendas_vendedor')

                )
             or 
                (
                    
    "table_schema" ilike 'stage' and upper("table_schema") = upper('stage')

                    and 
    "table_name" ilike 'stg_concessionarias' and upper("table_name") = upper('stg_concessionarias')

                )
             or 
                (
                    
    "table_schema" ilike 'stage' and upper("table_schema") = upper('stage')

                    and 
    "table_name" ilike 'stg_vendedores' and upper("table_name") = upper('stg_vendedores')

                )
             or 
                (
                    
    "table_schema" ilike 'stage' and upper("table_schema") = upper('stage')

                    and 
    "table_name" ilike 'stg_veiculos' and upper("table_name") = upper('stg_veiculos')

                )
             or 
                (
                    
    "table_schema" ilike 'stage' and upper("table_schema") = upper('stage')

                    and 
    "table_name" ilike 'fct_vendas' and upper("table_name") = upper('fct_vendas')

                )
             or 
                (
                    
    "table_schema" ilike 'stage' and upper("table_schema") = upper('stage')

                    and 
    "table_name" ilike 'dim_cidades' and upper("table_name") = upper('dim_cidades')

                )
             or 
                (
                    
    "table_schema" ilike 'STAGE' and upper("table_schema") = upper('STAGE')

                    and 
    "table_name" ilike 'veiculos' and upper("table_name") = upper('veiculos')

                )
             or 
                (
                    
    "table_schema" ilike 'stage' and upper("table_schema") = upper('stage')

                    and 
    "table_name" ilike 'stg_vendas' and upper("table_name") = upper('stg_vendas')

                )
             or 
                (
                    
    "table_schema" ilike 'stage' and upper("table_schema") = upper('stage')

                    and 
    "table_name" ilike 'stg_estados' and upper("table_name") = upper('stg_estados')

                )
             or 
                (
                    
    "table_schema" ilike 'stage' and upper("table_schema") = upper('stage')

                    and 
    "table_name" ilike 'dim_veiculos' and upper("table_name") = upper('dim_veiculos')

                )
            )
        ),
        columns as (
            select
        table_catalog as "table_database",
        table_schema as "table_schema",
        table_name as "table_name",

        column_name as "column_name",
        ordinal_position as "column_index",
        data_type as "column_type",
        comment as "column_comment"
    from NOVADRIVE.INFORMATION_SCHEMA.columns
            where (
                (
                    
    "table_schema" ilike 'stage' and upper("table_schema") = upper('stage')

                    and 
    "table_name" ilike 'dim_estados' and upper("table_name") = upper('dim_estados')

                )
             or 
                (
                    
    "table_schema" ilike 'stage' and upper("table_schema") = upper('stage')

                    and 
    "table_name" ilike 'analise_vendas_veiculo' and upper("table_name") = upper('analise_vendas_veiculo')

                )
             or 
                (
                    
    "table_schema" ilike 'stage' and upper("table_schema") = upper('stage')

                    and 
    "table_name" ilike 'stg_cidades' and upper("table_name") = upper('stg_cidades')

                )
             or 
                (
                    
    "table_schema" ilike 'stage' and upper("table_schema") = upper('stage')

                    and 
    "table_name" ilike 'analise_vendas_concessionaria' and upper("table_name") = upper('analise_vendas_concessionaria')

                )
             or 
                (
                    
    "table_schema" ilike 'stage' and upper("table_schema") = upper('stage')

                    and 
    "table_name" ilike 'dim_concessionarias' and upper("table_name") = upper('dim_concessionarias')

                )
             or 
                (
                    
    "table_schema" ilike 'stage' and upper("table_schema") = upper('stage')

                    and 
    "table_name" ilike 'stg_clientes' and upper("table_name") = upper('stg_clientes')

                )
             or 
                (
                    
    "table_schema" ilike 'stage' and upper("table_schema") = upper('stage')

                    and 
    "table_name" ilike 'dim_clientes' and upper("table_name") = upper('dim_clientes')

                )
             or 
                (
                    
    "table_schema" ilike 'STAGE' and upper("table_schema") = upper('STAGE')

                    and 
    "table_name" ilike 'concessionarias' and upper("table_name") = upper('concessionarias')

                )
             or 
                (
                    
    "table_schema" ilike 'stage' and upper("table_schema") = upper('stage')

                    and 
    "table_name" ilike 'dim_vendedores' and upper("table_name") = upper('dim_vendedores')

                )
             or 
                (
                    
    "table_schema" ilike 'STAGE' and upper("table_schema") = upper('STAGE')

                    and 
    "table_name" ilike 'cidades' and upper("table_name") = upper('cidades')

                )
             or 
                (
                    
    "table_schema" ilike 'stage' and upper("table_schema") = upper('stage')

                    and 
    "table_name" ilike 'test' and upper("table_name") = upper('test')

                )
             or 
                (
                    
    "table_schema" ilike 'STAGE' and upper("table_schema") = upper('STAGE')

                    and 
    "table_name" ilike 'estados' and upper("table_name") = upper('estados')

                )
             or 
                (
                    
    "table_schema" ilike 'STAGE' and upper("table_schema") = upper('STAGE')

                    and 
    "table_name" ilike 'vendedores' and upper("table_name") = upper('vendedores')

                )
             or 
                (
                    
    "table_schema" ilike 'STAGE' and upper("table_schema") = upper('STAGE')

                    and 
    "table_name" ilike 'vendas' and upper("table_name") = upper('vendas')

                )
             or 
                (
                    
    "table_schema" ilike 'stage' and upper("table_schema") = upper('stage')

                    and 
    "table_name" ilike 'analise_vendas_temporal' and upper("table_name") = upper('analise_vendas_temporal')

                )
             or 
                (
                    
    "table_schema" ilike 'STAGE' and upper("table_schema") = upper('STAGE')

                    and 
    "table_name" ilike 'clientes' and upper("table_name") = upper('clientes')

                )
             or 
                (
                    
    "table_schema" ilike 'stage' and upper("table_schema") = upper('stage')

                    and 
    "table_name" ilike 'analise_vendas_vendedor' and upper("table_name") = upper('analise_vendas_vendedor')

                )
             or 
                (
                    
    "table_schema" ilike 'stage' and upper("table_schema") = upper('stage')

                    and 
    "table_name" ilike 'stg_concessionarias' and upper("table_name") = upper('stg_concessionarias')

                )
             or 
                (
                    
    "table_schema" ilike 'stage' and upper("table_schema") = upper('stage')

                    and 
    "table_name" ilike 'stg_vendedores' and upper("table_name") = upper('stg_vendedores')

                )
             or 
                (
                    
    "table_schema" ilike 'stage' and upper("table_schema") = upper('stage')

                    and 
    "table_name" ilike 'stg_veiculos' and upper("table_name") = upper('stg_veiculos')

                )
             or 
                (
                    
    "table_schema" ilike 'stage' and upper("table_schema") = upper('stage')

                    and 
    "table_name" ilike 'fct_vendas' and upper("table_name") = upper('fct_vendas')

                )
             or 
                (
                    
    "table_schema" ilike 'stage' and upper("table_schema") = upper('stage')

                    and 
    "table_name" ilike 'dim_cidades' and upper("table_name") = upper('dim_cidades')

                )
             or 
                (
                    
    "table_schema" ilike 'STAGE' and upper("table_schema") = upper('STAGE')

                    and 
    "table_name" ilike 'veiculos' and upper("table_name") = upper('veiculos')

                )
             or 
                (
                    
    "table_schema" ilike 'stage' and upper("table_schema") = upper('stage')

                    and 
    "table_name" ilike 'stg_vendas' and upper("table_name") = upper('stg_vendas')

                )
             or 
                (
                    
    "table_schema" ilike 'stage' and upper("table_schema") = upper('stage')

                    and 
    "table_name" ilike 'stg_estados' and upper("table_name") = upper('stg_estados')

                )
             or 
                (
                    
    "table_schema" ilike 'stage' and upper("table_schema") = upper('stage')

                    and 
    "table_name" ilike 'dim_veiculos' and upper("table_name") = upper('dim_veiculos')

                )
            )
        )
        select *
    from tables
    join columns using ("table_database", "table_schema", "table_name")
    order by "column_index"
/* {"app": "dbt", "dbt_version": "1.11.9", "profile_name": "dbt_transformations", "target_name": "dev", "connection_name": "NOVADRIVE.information_schema"} */
[0m23:46:26.792479 [debug] [ThreadPool]: Opening a new connection, currently in state init
[0m23:46:36.521728 [debug] [ThreadPool]: SQL status: SUCCESS 150 in 9.729 seconds
[0m23:46:36.561803 [debug] [MainThread]: Wrote artifact CatalogArtifact to /home/matheus/Documents/Projeto NOVADRIVE /projeto nova drive/dbt_transformations/target/catalog.json
[0m23:46:36.584440 [debug] [MainThread]: Wrote artifact WritableManifest to /home/matheus/Documents/Projeto NOVADRIVE /projeto nova drive/dbt_transformations/target/manifest.json
[0m23:46:36.586419 [debug] [MainThread]: Wrote artifact SemanticManifest to /home/matheus/Documents/Projeto NOVADRIVE /projeto nova drive/dbt_transformations/target/semantic_manifest.json
[0m23:46:36.586834 [info ] [MainThread]: Catalog written to /home/matheus/Documents/Projeto NOVADRIVE /projeto nova drive/dbt_transformations/target/catalog.json
[0m23:46:36.588082 [debug] [MainThread]: Resource report: {"command_name": "generate", "command_success": true, "command_wall_clock_time": 12.375026, "process_in_blocks": "3600", "process_kernel_time": 0.31261, "process_mem_max_rss": "156832", "process_out_blocks": "6536", "process_user_time": 2.151321}
[0m23:46:36.588556 [debug] [MainThread]: Command `dbt docs generate` succeeded at 23:46:36.588478 after 12.38 seconds
[0m23:46:36.588883 [debug] [MainThread]: Connection 'generate_catalog' was properly closed.
[0m23:46:36.589192 [debug] [MainThread]: Connection 'NOVADRIVE.information_schema' was left open.
[0m23:46:36.589487 [debug] [MainThread]: On NOVADRIVE.information_schema: Close
[0m23:46:36.758969 [debug] [MainThread]: Sending event: {'category': 'dbt', 'action': 'invocation', 'label': 'end', 'context': [<snowplow_tracker.self_describing_json.SelfDescribingJson object at 0x7a44cdcb0110>, <snowplow_tracker.self_describing_json.SelfDescribingJson object at 0x7a44cb487e60>, <snowplow_tracker.self_describing_json.SelfDescribingJson object at 0x7a44ca0f8da0>]}
[0m23:46:36.759458 [debug] [MainThread]: Flushing usage events
[0m23:46:37.275797 [debug] [MainThread]: An error was encountered while trying to flush usage events
[0m23:49:20.808723 [debug] [MainThread]: Sending event: {'category': 'dbt', 'action': 'invocation', 'label': 'start', 'context': [<snowplow_tracker.self_describing_json.SelfDescribingJson object at 0x73cd61240dd0>, <snowplow_tracker.self_describing_json.SelfDescribingJson object at 0x73cd62aaed80>, <snowplow_tracker.self_describing_json.SelfDescribingJson object at 0x73cd60f2c8c0>]}


============================== 23:49:20.811079 | 606fe4d0-bacf-4903-99ca-312e3902a579 ==============================
[0m23:49:20.811079 [info ] [MainThread]: Running with dbt=1.11.9
[0m23:49:20.811672 [debug] [MainThread]: running dbt with arguments {'log_path': '/home/matheus/Documents/Projeto NOVADRIVE /projeto nova drive/dbt_transformations/logs', 'use_colors': 'True', 'send_anonymous_usage_stats': 'True', 'cache_selected_only': 'False', 'indirect_selection': 'eager', 'warn_error': 'None', 'no_print': 'None', 'empty': 'None', 'use_experimental_parser': 'False', 'debug': 'False', 'version_check': 'True', 'warn_error_options': 'WarnErrorOptionsV2(error=[], warn=[], silence=[])', 'quiet': 'False', 'invocation_command': 'dbt docs serve', 'log_format': 'default', 'write_json': 'True', 'static_parser': 'True', 'target_path': 'None', 'printer_width': '80', 'fail_fast': 'False', 'introspect': 'True', 'log_cache_events': 'False', 'profiles_dir': '/home/matheus/.dbt', 'partial_parse': 'True'}
[0m23:49:20.981638 [debug] [MainThread]: Snowflake adapter: Setting snowflake.connector to ERROR (file logging only)
[0m23:49:20.982097 [debug] [MainThread]: Snowflake adapter: Setting botocore to ERROR (file logging only)
[0m23:49:20.982447 [debug] [MainThread]: Snowflake adapter: Setting boto3 to ERROR (file logging only)
[0m23:49:21.170102 [debug] [MainThread]: Sending event: {'category': 'dbt', 'action': 'project_id', 'label': '606fe4d0-bacf-4903-99ca-312e3902a579', 'context': [<snowplow_tracker.self_describing_json.SelfDescribingJson object at 0x73cd5f0d30b0>]}
[0m23:49:21.221779 [debug] [MainThread]: Sending event: {'category': 'dbt', 'action': 'adapter_info', 'label': '606fe4d0-bacf-4903-99ca-312e3902a579', 'context': [<snowplow_tracker.self_describing_json.SelfDescribingJson object at 0x73cd5e00c980>]}
[0m23:49:21.311248 [error] [MainThread]: Encountered an error:
[Errno 98] Address already in use
[0m23:49:21.314232 [error] [MainThread]: Traceback (most recent call last):
  File "/home/matheus/Documents/Projeto NOVADRIVE /projeto nova drive/.venv/lib/python3.12/site-packages/dbt/cli/requires.py", line 182, in wrapper
    result, success = func(*args, **kwargs)
                      ^^^^^^^^^^^^^^^^^^^^^
  File "/home/matheus/Documents/Projeto NOVADRIVE /projeto nova drive/.venv/lib/python3.12/site-packages/dbt/cli/requires.py", line 128, in wrapper
    return func(*args, **kwargs)
           ^^^^^^^^^^^^^^^^^^^^^
  File "/home/matheus/Documents/Projeto NOVADRIVE /projeto nova drive/.venv/lib/python3.12/site-packages/dbt/cli/requires.py", line 276, in wrapper
    return func(*args, **kwargs)
           ^^^^^^^^^^^^^^^^^^^^^
  File "/home/matheus/Documents/Projeto NOVADRIVE /projeto nova drive/.venv/lib/python3.12/site-packages/dbt/cli/requires.py", line 321, in wrapper
    return func(*args, **kwargs)
           ^^^^^^^^^^^^^^^^^^^^^
  File "/home/matheus/Documents/Projeto NOVADRIVE /projeto nova drive/.venv/lib/python3.12/site-packages/dbt/cli/requires.py", line 368, in wrapper
    return func(*args, **kwargs)
           ^^^^^^^^^^^^^^^^^^^^^
  File "/home/matheus/Documents/Projeto NOVADRIVE /projeto nova drive/.venv/lib/python3.12/site-packages/dbt/cli/main.py", line 309, in docs_serve
    results = task.run()
              ^^^^^^^^^^
  File "/home/matheus/Documents/Projeto NOVADRIVE /projeto nova drive/.venv/lib/python3.12/site-packages/dbt/task/docs/serve.py", line 24, in run
    with socketserver.TCPServer((host, port), SimpleHTTPRequestHandler) as httpd:
         ^^^^^^^^^^^^^^^^^^^^^^^^^^^^^^^^^^^^^^^^^^^^^^^^^^^^^^^^^^^^^^
  File "/usr/lib/python3.12/socketserver.py", line 457, in __init__
    self.server_bind()
  File "/usr/lib/python3.12/socketserver.py", line 473, in server_bind
    self.socket.bind(self.server_address)
OSError: [Errno 98] Address already in use

[0m23:49:21.316034 [debug] [MainThread]: Resource report: {"command_name": "serve", "command_success": false, "command_wall_clock_time": 0.554269, "process_in_blocks": "256", "process_kernel_time": 0.187199, "process_mem_max_rss": "132852", "process_out_blocks": "3568", "process_user_time": 1.434527}
[0m23:49:21.317591 [debug] [MainThread]: Command `dbt docs serve` failed at 23:49:21.317359 after 0.56 seconds
[0m23:49:21.318346 [debug] [MainThread]: Sending event: {'category': 'dbt', 'action': 'invocation', 'label': 'end', 'context': [<snowplow_tracker.self_describing_json.SelfDescribingJson object at 0x73cd64b23dd0>, <snowplow_tracker.self_describing_json.SelfDescribingJson object at 0x73cd5dc6dbb0>, <snowplow_tracker.self_describing_json.SelfDescribingJson object at 0x73cd5e0f3ec0>]}
[0m23:49:21.319082 [debug] [MainThread]: Flushing usage events
[0m23:49:21.848029 [debug] [MainThread]: An error was encountered while trying to flush usage events
